outer_fold,candidate,encoding,inner_brier,inner_auc,seconds
1,0,ordinal,0.2042969396271671,0.7319493796601854,4.0385888000018895
1,1,ordinal,0.20482713973000222,0.7304699338594315,2.8077161999535747
1,2,ordinal,0.20486936285075394,0.7306108167965331,2.5652262999792583
1,3,ordinal,0.2057418043498083,0.7283426589691073,2.4988994000013918
1,4,ordinal,0.20577586855502847,0.7279776841679505,2.460451600025408
1,5,ordinal,0.20494077336858105,0.7306400960909635,3.433407900040038
1,6,ordinal,0.20531897803474033,0.7293484516892632,2.7838299000286497
1,7,onehot,0.20515083871761022,0.7294193936331478,2.388770899968222
1,8,onehot,0.20466546813385036,0.7308103350386933,2.1898566999589093
1,9,onehot,0.20511894375899264,0.7296008378792219,2.0537214999785647
1,10,onehot,0.2049043254434316,0.7300464996957169,2.0054862999822944
1,11,onehot,0.20461913567096954,0.7311959378941926,2.9290054999873973
1,12,onehot,0.2048073172983386,0.730536928985341,2.195070600020699
2,0,ordinal,0.2037600589514279,0.7341219516708367,2.901440099987667
2,1,ordinal,0.20469176633658082,0.7315038317036505,3.498058500001207
2,2,ordinal,0.20401775426877622,0.7334844611459177,3.3156272000051104
2,3,ordinal,0.20434564723556173,0.7330221370266946,3.1741484999656677
2,4,ordinal,0.2042416613733626,0.7331347908068137,2.866581300040707
2,5,ordinal,0.20411081643546602,0.733331424482441,4.247880799986888
2,6,ordinal,0.20418402952493775,0.7334860316846928,3.26272220001556
2,7,onehot,0.20477180384420182,0.730917925504525,2.4641545999911614
2,8,onehot,0.20407606719984753,0.7328603911240011,2.328049900010228
2,9,onehot,0.2043854207247383,0.7318913008611435,2.2248519999557175
2,10,onehot,0.20427894608546007,0.7321229544365139,2.0823913000058383
2,11,onehot,0.2040611337681637,0.7328470455104843,3.153178700013086
2,12,onehot,0.20407905010517036,0.7330090210423701,2.383655900019221
3,0,ordinal,0.20476229698334214,0.7311859130877262,3.619247600028757
3,1,ordinal,0.20492988283629412,0.7309639349686039,3.722834400017746
3,2,ordinal,0.2051910462152797,0.7300219498255931,3.025159499957226
3,3,ordinal,0.20620937820407523,0.727428889419441,2.7616023999871686
3,4,ordinal,0.20594089957785813,0.7279229642695443,3.0656326999887824
3,5,ordinal,0.20516257426376874,0.7304094342965324,4.340239499986637
3,6,ordinal,0.20570874225480443,0.7290185334050868,3.1194936000392772
3,7,onehot,0.20521031371698098,0.7299930017127557,2.318310099944938
3,8,onehot,0.20561761953129234,0.72867900758907,2.1543968999758363
3,9,onehot,0.20638290004178225,0.7266717384848055,2.039584600017406
3,10,onehot,0.20599002880824738,0.7275573394836274,1.9709989000111818
3,11,onehot,0.20539225799053437,0.7297031799451873,2.913225800031796
3,12,onehot,0.20571065244776696,0.7286839515850705,2.1556009000050835
