model,group,n,contested_share,n_selected_majority,contested_share_of_selected
logistic,all,7807,0.1283463558345075,1608.0,0.31716417910447764
logistic,women,950,0.12105263157894737,118.0,0.4745762711864407
logistic,men,6857,0.12935686160128337,1490.0,0.3046979865771812
logistic,Black,4534,0.1321129245699162,969.0,0.3219814241486068
logistic,White,3273,0.12312862816987473,639.0,0.30985915492957744
logistic,re-arrested,4483,0.17175998215480706,1321.0,0.2967448902346707
logistic,not re-arrested,3324,0.06979542719614922,287.0,0.41114982578397213
logistic,"distance to cut (-0.001, 0.02]",312,1.0,,
logistic,"distance to cut (0.02, 0.05]",468,0.9166666666666666,,
logistic,"distance to cut (0.05, 0.1]",782,0.30818414322250637,,
logistic,"distance to cut (0.1, 0.2]",1561,0.012812299807815503,,
logistic,"distance to cut (0.2, 1.0]",4684,0.0,,
xgboost,all,7807,0.14602280005123608,1602.0,0.35830212234706615
xgboost,women,950,0.12947368421052632,117.0,0.5384615384615384
xgboost,men,6857,0.14831558990812307,1485.0,0.3441077441077441
xgboost,Black,4534,0.15262461402734892,973.0,0.36382322713257964
xgboost,White,3273,0.13687748243201955,629.0,0.3497615262321145
xgboost,re-arrested,4483,0.19451260316752175,1326.0,0.34238310708898945
xgboost,not re-arrested,3324,0.08062575210589651,276.0,0.43478260869565216
xgboost,"distance to cut (-0.001, 0.02]",312,0.9967948717948718,,
xgboost,"distance to cut (0.02, 0.05]",468,0.9188034188034188,,
xgboost,"distance to cut (0.05, 0.1]",782,0.4322250639386189,,
xgboost,"distance to cut (0.1, 0.2]",1561,0.03779628443305574,,
xgboost,"distance to cut (0.2, 1.0]",4684,0.0004269854824935952,,
