model,split,auc_half,auc_full,mean_abs_prob_diff,p95_abs_prob_diff,rank_correlation,top20_jaccard,importance_l2,importance_rank_correlation,coef_l2,coef_l2_relative,coef_zero_pattern_agreement,coef_sign_agreement
logistic,0,0.7283230766422584,0.7298327241325903,0.02318915222178062,0.0578309253521118,0.9870612170731291,0.8278688524590164,0.04766032421976286,0.8517241379310343,0.5762674990804872,0.2724826804591225,0.7685185185185185,1.0
logistic,1,0.726061558131226,0.7298327241325903,0.022696754250196325,0.058452235033950244,0.9867822442807742,0.8310850439882698,0.04439311418571743,0.923607800690852,0.5253787245185307,0.24974593502709397,0.7777777777777778,1.0
logistic,2,0.7283125407845067,0.7298327241325903,0.02199221260778426,0.057444855107577686,0.9878486831818817,0.8375515008828722,0.04075254806995435,0.9065155876126123,0.6514298674511232,0.31337106286170974,0.7962962962962963,0.974025974025974
logistic,3,0.7267812176123036,0.7298327241325903,0.02370604455316615,0.06141194846442738,0.9858305331983983,0.8267992978349912,0.04548251878710588,0.8926108374384234,0.6535601150298102,0.3115524490558339,0.7592592592592593,0.9743589743589743
logistic,4,0.7300274026251867,0.7298327241325903,0.02300793721191889,0.060679452311413,0.9863956564833889,0.8246639392168322,0.04843374123331377,0.858972786414451,0.6258125084544971,0.3026488434709377,0.8148148148148148,0.9358974358974359
xgboost,0,0.73034391455567,0.7323742146088459,0.024967197328805923,0.06286097317934036,0.984845215386419,0.8098550724637681,0.040353961288928986,0.8743842364532017,,,,
xgboost,1,0.7284358170309391,0.7323742146088459,0.025899169966578484,0.06505995988845825,0.9843371203287093,0.8098550724637681,0.03249301016330719,0.9448275862068963,,,,
xgboost,2,0.7295221176510378,0.7323742146088459,0.025116784498095512,0.06507433205842972,0.9842459626002408,0.8109048723897911,0.035630568861961365,0.9226600985221672,,,,
xgboost,3,0.7290706863446963,0.7323742146088459,0.02521541342139244,0.06552063673734665,0.9845310465417899,0.8267992978349912,0.046774134039878845,0.9305418719211821,,,,
xgboost,4,0.731257313026105,0.7323742146088459,0.025728175416588783,0.06774624437093735,0.9838077934986731,0.805668016194332,0.04489948973059654,0.8733990147783249,,,,
