split,lambda,cv_auc,cv_log_loss,coef_distance_l2,coef_distance_relative,top20_jaccard_vs_old,mean_abs_prob_diff_vs_old,eval_auc_new,eval_auc_old
0,0,0.7284938909896275,0.5980918262917965,0.834962747779882,0.4037051723031453,0.7088122605363985,0.04278451953964668,0.7268971120475721,0.7280967234690324
0,10,0.7294964431312696,0.5973248166417995,0.6667448844126802,0.3223716976113784,0.7267699115044248,0.04003797967990235,0.7273963909117289,0.7280967234690324
0,30,0.730405533141174,0.5965474256504657,0.552285312756084,0.2670304009843916,0.7509814918676389,0.03635784721875589,0.7280207579214215,0.7280967234690324
0,100,0.7315168223876731,0.5956453175831782,0.38965646624656447,0.18839922052016395,0.8046242774566474,0.028895144138266524,0.7289150978975798,0.7280967234690324
0,300,0.7317753382771386,0.5954839265904759,0.23257818765207552,0.11245174418821743,0.8627684964200477,0.019765214669503428,0.7293692806062642,0.7280967234690324
0,1000,0.7311789658326182,0.5960193279288013,0.10492602435121279,0.05073181869780538,0.9355238685678859,0.01073915626088961,0.7290698475025185,0.7280967234690324
0,3000,0.7305376613083968,0.5965372007417478,0.04304580691996928,0.020812682896046243,0.9647577092511013,0.0057110720027414835,0.7286285494096832,0.7280967234690324
0,10000,0.7301165468621241,0.5968493772830794,0.014352476595984704,0.006939434187411627,0.9885350318471338,0.003991392078333851,0.7282952270819593,0.7280967234690324
0,100000,0.7298793577575057,0.597005756282203,0.0015075095025034837,0.0007288820789610099,1.0,0.003921547292248309,0.7281319548404952,0.7280967234690324
1,0,0.7337339017852414,0.5943725914442851,0.9872136597599895,0.4632593780421169,0.7004357298474946,0.046140264383081366,0.7284108530877311,0.7247396770739467
1,10,0.7347570508088447,0.5937369018429555,0.7579262935693485,0.3556641056264015,0.7125617114646188,0.04289699191835974,0.7289643547102531,0.7247396770739467
1,30,0.7357855171568823,0.593028421370147,0.6128921756756631,0.28760546949828053,0.7421875,0.038821607092562854,0.729444306650636,0.7247396770739467
1,100,0.7369333641617287,0.5922296939121354,0.4261957645057729,0.19999640689446105,0.7932222860425043,0.0307446607640088,0.7297018647528718,0.7247396770739467
1,300,0.7369115281144543,0.592325232677746,0.254408292861179,0.11938350564180789,0.8605482717520858,0.020874924590423248,0.7290738068375971,0.7247396770739467
1,1000,0.7355122996634688,0.5932976153356007,0.1158220185148194,0.054350581285314156,0.931930693069307,0.010891498794655076,0.7273629714393701,0.7247396770739467
1,3000,0.7343907702437039,0.5941415681899453,0.04766945549163319,0.022369344350471453,0.9709595959595959,0.004884724876819024,0.7259700236727974,0.7247396770739467
1,10000,0.73371543352962,0.594627447390765,0.015856534049739277,0.0074408290739937126,0.9910714285714286,0.0017017938953604963,0.725160037666027,0.7247396770739467
1,100000,0.7334025543908372,0.5948626635812764,0.0016623202829066416,0.0007800595674024092,0.998719590268886,0.00023996163065416134,0.7247828271155667,0.7247396770739467
2,0,0.7305776009016196,0.5965688378966127,1.0344550176663776,0.4689079879503404,0.6553552492046659,0.04850615590923251,0.7284882949975747,0.7237576948670643
2,10,0.7309780329602692,0.5960739208854895,0.840186804132426,0.38084817328927306,0.674892703862661,0.04454656770604026,0.7289411355587749,0.7237576948670643
2,30,0.7315785321187527,0.5956338641860885,0.6886343059149687,0.3121509599794969,0.7069436850738108,0.03921802895009131,0.7293247213097857,0.7237576948670643
2,100,0.7318417097157192,0.5954783340875757,0.4644065484801921,0.21051078734197817,0.7809469480889903,0.028951274218238773,0.7290587747857731,0.7237576948670643
2,300,0.7311073061864108,0.5961175449296963,0.2565791992639246,0.1163047537322287,0.8616577221228384,0.017890018734037814,0.7275122853469975,0.7237576948670643
2,1000,0.73002864585202,0.5970530656504565,0.10632270959770983,0.04819500797952473,0.9379267535692116,0.008702883388895705,0.7254898033029175,0.7237576948670643
2,3000,0.7294623388470484,0.5976024472983817,0.04154270045100425,0.018830885586932796,0.9759493670886076,0.0039747018317393135,0.7244990300300131,0.7237576948670643
2,10000,0.7292202540071284,0.5978814423581121,0.013527397379990225,0.006131832297517686,0.9898024219247928,0.0017211302821013837,0.7239963286897715,0.7237576948670643
2,100000,0.7291076229906719,0.5980122489844781,0.001406968070415443,0.0006377643838947966,1.0,0.0012453516686150108,0.723777290220335,0.7237576948670643
3,0,0.7266832132034615,0.5992860886603618,0.8305861266029259,0.39945393980297644,0.6857451403887689,0.047056870911636295,0.7265980815880719,0.7273815601820275
3,10,0.727678639645114,0.5984251557488927,0.737103770958156,0.35449545317728043,0.6948968512486428,0.04407732692300447,0.727181580206868,0.7273815601820275
3,30,0.7287333458033636,0.5975575244975888,0.6260026219439482,0.30106355699105947,0.7172717271727173,0.03966221994402472,0.7278900327564515,0.7273815601820275
3,100,0.729791279235638,0.5967065672626288,0.437675444374082,0.21049133257895863,0.7668364459535937,0.030726889066082095,0.7288204093925629,0.7273815601820275
3,300,0.7297030179884455,0.5967527674752247,0.25420360921862667,0.12225418889408037,0.8300117233294255,0.02044514664211537,0.7290054244232724,0.7273815601820275
3,1000,0.7286887544572823,0.5974601297070242,0.11225308409633716,0.0539858965387621,0.905982905982906,0.010827471325399652,0.7284467555329358,0.7273815601820275
3,3000,0.7278259985701798,0.5980593327979781,0.04568081282526738,0.021969281778262625,0.958594730238394,0.00545947104862404,0.7278878182131024,0.7273815601820275
3,10000,0.7273652641633739,0.5984104746227493,0.01516328169963042,0.007292479878074582,0.9885350318471338,0.0032763953773031927,0.727581875694058,0.7273815601820275
3,100000,0.7271340228785055,0.598583738441375,0.0015898667548372935,0.0007646149130602304,0.998719590268886,0.0030047330618017914,0.7274018937164144,0.7273815601820275
4,0,0.7352027720549488,0.5941872760603584,0.9411359804587577,0.4391568985806609,0.6757917337627483,0.04948799959678586,0.7278676860008381,0.7241521520126978
4,10,0.7359569621452777,0.5936348598821457,0.7956447972996752,0.37126718009829174,0.6939772110689094,0.04607806311020917,0.7284090411886273,0.7241521520126978
4,30,0.7365807693475894,0.5931523831982398,0.6674059101114217,0.3114278017891372,0.721058434399118,0.041214946548733644,0.7289638178512595,0.7241521520126978
4,100,0.7366083959995203,0.5930052835071077,0.46307958907134966,0.2160841794970484,0.7768924302788844,0.03150104696446235,0.7292109072031177,0.7241521520126978
4,300,0.735330069472832,0.5937957298503943,0.2672442048387431,0.12470263447310663,0.8495260663507109,0.020435322447075945,0.7283597843759537,0.7241521520126978
4,1000,0.733450923242882,0.595091914675845,0.11648145817676518,0.05435307647055027,0.9188690842040566,0.010373409195379019,0.7265200357118603,0.7241521520126978
4,3000,0.73228289728487,0.5959202995147731,0.046612878220093544,0.021750700704350943,0.9622878692646134,0.005275642237637814,0.7252790190405095,0.7241521520126978
4,10000,0.7316481823433473,0.5963432191518372,0.015268262590251262,0.0071245420269464505,0.9860050890585241,0.0037548622596008194,0.7245529172515075,0.7241521520126978
4,100000,0.731373300239461,0.5965377674676645,0.0015873921380165452,0.0007407157123276293,0.998719590268886,0.0036127108086109203,0.7241945638732014,0.7241521520126978
