C,chosen,cv_auc_mean,cv_auc_sd,n_nonzero_coefs,mean_abs_prob_diff,top20_jaccard,coef_l2,coef_l2_relative
0.005,False,0.7016272798585631,0.0033807425896051203,15.625,0.01545638579385469,0.8445564069340818,0.2238496400552829,0.2533248051696688
0.01,False,0.717611589226277,0.0030819723486731287,27.25,0.01971778462831328,0.8239350615411437,0.32665350292016676,0.27339250370709467
0.02,False,0.7277314966256375,0.003648777028779348,45.5,0.023719011338684686,0.8091477246352652,0.42935871602198794,0.2763762519728772
0.05,False,0.7318081935903308,0.00480522534466465,67.25,0.028402944190987222,0.7849867445024727,0.5780256420873441,0.2988854439593393
0.1,False,0.7323371276897606,0.0051253594187549755,79.75,0.030640838928241106,0.7777920871129346,0.669794549123006,0.3176762817611212
0.2154,True,0.732385840175596,0.0051205180983137305,89.375,0.032177700040582166,0.7724922862804245,0.70132388992794,0.3148332451979708
0.5,False,0.732320301586968,0.005101399728373477,93.375,0.03313629781368072,0.7696354240736627,0.7125828003882758,0.31056577076452274
1.0,False,0.7322543513115176,0.005107893111601603,97.125,0.03352558900291637,0.7684515367600557,0.7171652097112421,0.30888959662983045
5.0,False,0.7322081355286236,0.00510688211250974,100.0,0.03386031093906223,0.7665259750796322,0.7203020902374363,0.3093851300056615
