feature,label,coef_full_fit,coef_mean_refits,coef_min_refits,coef_max_refits,share_refits_nonzero,sign_flips
Age_at_Release_18-22,Age at release = 18-22,1.1412403841161478,1.1900288625267066,1.11564530928726,1.2781044103173163,1.0,False
Gang_Affiliated_Yes,Gang affiliated = Yes,0.717228107944823,0.730951302522085,0.6497148824909877,0.8732652928848458,1.0,False
Age_at_Release_23-27,Age at release = 23-27,0.7127694791614604,0.7477648911797099,0.6099027520779813,0.8168908807011271,1.0,False
Age_at_Release_48 or older,Age at release = 48 or older,-0.6114005735886119,-0.6470417916219796,-0.7646325642337339,-0.5255389929563368,1.0,False
Prior_Arrest_Episodes_Felony_1,Prior felony arrests = 1,-0.4568602378589003,-0.516971033109007,-0.6281806810301656,-0.4052095353008736,1.0,False
Prior_Arrest_Episodes_Felony_10 or more,Prior felony arrests = 10 or more,0.42454792370529276,0.43799119247801294,0.3423679196336765,0.5973975934881552,1.0,False
Prior_Arrest_Episodes_Felony_0,Prior felony arrests = 0,0.4113802310735284,0.42112386859120476,0.18554700958347517,0.6353604504870733,1.0,False
Age_at_Release_43-47,Age at release = 43-47,-0.33283544499395307,-0.3454450399241204,-0.46529017957399565,-0.21893999989061055,1.0,False
Prior_Revocations_Parole_Yes,Prior parole revocations = Yes,0.3301263397590988,0.2730677710836197,0.14488646892291623,0.34781176899236055,1.0,False
Age_at_Release_28-32,Age at release = 28-32,0.31136683009200855,0.29936905687695936,0.2403292787439585,0.3622242027288142,1.0,False
_v1_5 or more,Prior parole/probation-violation arrests = 5 or more,0.27845923010994633,0.26707977264945487,0.17725207094133374,0.329698257492379,1.0,False
Prison_Years_Less than 1 year,Years in prison = Less than 1 year,0.2504154096198933,0.23405896147178964,0.18879207480108626,0.2756153846970738,1.0,False
_v1_0,Prior parole/probation-violation arrests = 0,-0.24163565461249206,-0.2116899953789682,-0.2854085446006369,-0.12752608401584525,1.0,False
Prior_Arrest_Episodes_Property_5 or more,Prior property arrests = 5 or more,0.2407948715511941,0.2563848996689479,0.17851156121116402,0.3088784631091985,1.0,False
Prior_Arrest_Episodes_Felony_2,Prior felony arrests = 2,-0.22458145549142006,-0.2615324092479765,-0.3302371850094591,-0.18406711625779243,1.0,False
Prison_Offense_Violent/Sex,Prison offense type = Violent/Sex,-0.20922720178966506,-0.21111242542036207,-0.3570380801312672,0.0,0.875,False
Prior_Arrest_Episodes_Misd_6 or more,Prior misdemeanor arrests = 6 or more,0.19701029194192476,0.1895121678531275,0.10483641930185202,0.23412106278838188,1.0,False
Prior_Conviction_Episodes_Misd_0,Prior misdemeanor convictions = 0,-0.19546013140201227,-0.17377305190874565,-0.2729841341285384,-0.08537209371094975,1.0,False
Prison_Years_Greater than 2 to 3 years,Years in prison = Greater than 2 to 3 years,-0.19295938444331576,-0.20101386097107576,-0.233371127571125,-0.17158998416789853,1.0,False
Prior_Arrest_Episodes_Misd_0,Prior misdemeanor arrests = 0,-0.19204877150110708,-0.1741244083874246,-0.2767005338483073,-0.06768120147963276,1.0,False
Prior_Arrest_Episodes_Property_0,Prior property arrests = 0,-0.1808553305874546,-0.20452055882328748,-0.2502475204653568,-0.12123741054997388,1.0,False
Prior_Arrest_Episodes_Felony_9,Prior felony arrests = 9,0.1656749237504381,0.19128178472027363,0.10509531000017691,0.41391833951544815,1.0,False
Condition_MH_SA_No,Condition: mental health / substance abuse = No,-0.16259681139367396,-0.1332443236165111,-0.20588419946444492,-0.04806512292708172,1.0,False
Prison_Years_More than 3 years,Years in prison = More than 3 years,-0.16183482304784771,-0.16196713703956606,-0.26954081384393314,-0.11073873807005816,1.0,False
Prior_Arrest_Episodes_Felony_8,Prior felony arrests = 8,0.15095695965663952,0.1617672959226803,0.022926777461684304,0.3021552670292829,1.0,False
Education_Level_High School Diploma,Education level = High School Diploma,0.14914701847251127,0.13870444918941421,0.03932982829369065,0.20561225709241748,1.0,False
Age_at_Release_38-42,Age at release = 38-42,-0.14243025717896143,-0.15715436743545433,-0.2536291174652446,-0.05245505296104275,1.0,False
Prior_Conviction_Episodes_Misd_4 or more,Prior misdemeanor convictions = 4 or more,0.14078266615829085,0.14924681285874106,0.1010766556180147,0.18095785260997876,1.0,False
Gang_Affiliated_No,Gang affiliated = No,-0.13839732881614192,-0.10640031824681907,-0.13310673595580869,-0.06900773244755802,1.0,False
Prior_Arrest_Episodes_Property_4,Prior property arrests = 4,0.13523641383228732,0.12137926842846618,0.03249369850841819,0.1882878247689201,1.0,False
Prison_Offense_Drug,Prison offense type = Drug,-0.10946217430893601,-0.05881525155025443,-0.1417279884525161,0.0,0.75,False
Prior_Revocations_Probation_Yes,Prior probation revocations = Yes,-0.10829773667409309,-0.14652460462072556,-0.24208678372635317,-0.07892719287368176,1.0,False
Condition_MH_SA_Yes,Condition: mental health / substance abuse = Yes,0.10227256087151665,0.12833271418359982,0.09430665145903039,0.17427853598740964,1.0,False
Prior_Arrest_Episodes_Felony_3,Prior felony arrests = 3,-0.09904419547534049,-0.13651521670802105,-0.24027580282652292,-0.043140411583472184,1.0,False
Prior_Arrest_Episodes_Felony_6,Prior felony arrests = 6,0.0966898061428131,0.09104154149071626,0.034885073633395554,0.18077139675539444,1.0,False
Supervision_Risk_Score_First,Georgia risk score (1-10),0.08712307977307071,0.08449272560727315,0.056228237283991574,0.12049256719443577,1.0,False
_v2_No,Prior parole/probation-violation convictions = No,0.08688277615874931,0.040803676182916526,0.016312522725921003,0.09660959129912251,1.0,False
Prior_Arrest_Episodes_Misd_1,Prior misdemeanor arrests = 1,-0.08565948547121906,-0.10600287659933914,-0.19039037614448304,-0.05138138738161358,1.0,False
Prior_Arrest_Episodes_Violent_0,Prior violent arrests = 0,-0.08028929659840651,-0.05337098912798205,-0.1484861485597416,-0.0001420637438464465,1.0,False
Prior_Arrest_Episodes_Drug_5 or more,Prior drug arrests = 5 or more,-0.0788877181737402,-0.06645074225508968,-0.12541218576406118,0.0,0.75,False
Prior_Arrest_Episodes_Misd_4,Prior misdemeanor arrests = 4,0.07113456951381102,0.06143471341841184,0.0,0.13811417885826005,0.875,False
Prison_Offense_Property,Prison offense type = Property,0.0651806407413842,0.10892543494968954,0.039465113683642986,0.17242308789375121,1.0,False
Prior_Arrest_Episodes_Property_1,Prior property arrests = 1,-0.06514126697729258,-0.060872034029453966,-0.11735309114179394,-0.00011308450203796128,1.0,False
Prior_Arrest_Episodes_Misd_5,Prior misdemeanor arrests = 5,0.06345626870556914,0.024273058635542667,0.0,0.07659100477942841,0.5,False
_v1_1,Prior parole/probation-violation arrests = 1,-0.05732736636769719,-0.05484029157050288,-0.1390475501368378,-1.8709452506479654e-05,1.0,False
Prior_Arrest_Episodes_Felony_7,Prior felony arrests = 7,-0.055853954068295415,-0.05791495604134812,-0.14365062856163924,0.0,0.75,False
Condition_Other_Yes,Condition: other = Yes,0.05487759784069783,0.04093287134288613,-0.0003482866460859691,0.11101002608839419,1.0,True
Prior_Conviction_Episodes_Felony_2,Prior felony convictions = 2,0.053999133506855354,0.03798992599151919,0.0,0.08594202698725756,0.875,False
Supervision_Level_First_Standard,Initial supervision level = Standard,-0.053500952632114344,-0.04480479284657837,-0.10086013233487705,0.0,0.625,False
Prior_Conviction_Episodes_Viol_Yes,Prior violent convictions = Yes,0.05260972106643323,0.07173455852295957,0.03048060555035493,0.12969831596889372,1.0,False
Prior_Arrest_Episodes_DVCharges_Yes,Prior domestic-violence arrests = Yes,0.05185061558188932,0.04480378491008728,-0.0015643340970957359,0.10601495040020234,0.875,True
Dependents_0,Dependents = 0,-0.050486736923607896,-0.04586936151017543,-0.11617989413960005,0.0,0.875,False
Prior_Arrest_Episodes_Drug_3,Prior drug arrests = 3,0.048827891644621105,0.0717114367224784,0.0,0.1459892639587472,0.875,False
Prior_Revocations_Probation_No,Prior probation revocations = No,0.048583382965851525,0.035059046038080584,0.022342353887137144,0.05598137047765797,1.0,False
Prior_Conviction_Episodes_Misd_1,Prior misdemeanor convictions = 1,-0.048150496397099285,-0.021067915407707277,-0.06824749537052607,0.0,0.5,False
Supervision_Level_First_High,Initial supervision level = High,0.04221163678393641,0.047878659325740425,0.0,0.11071010823268126,0.875,False
Prior_Arrest_Episodes_Drug_4,Prior drug arrests = 4,0.03666824287050597,0.03472466308444039,-0.007526907691288858,0.10420464674644113,0.625,True
Prior_Arrest_Episodes_Drug_1,Prior drug arrests = 1,-0.03488042705604466,-0.035336036667661795,-0.11175166362098711,0.0,0.875,False
_v4_Yes,Prior gun-charge convictions = Yes,-0.031031752422838215,-0.0453629105609278,-0.10055968021332509,0.0229710878582007,0.875,True
_v2_Yes,Prior parole/probation-violation convictions = Yes,-0.030833920986937702,-0.07380187603024682,-0.1382298964895961,-0.013586829943701995,1.0,False
_v1_4,Prior parole/probation-violation arrests = 4,0.029533299235400285,0.011888158399542409,-0.012777505009638906,0.06317264102645072,0.625,True
Education_Level_At least some college,Education level = At least some college,-0.027490313070731538,-0.0280431007678177,-0.06368975212452696,0.0,0.75,False
Prior_Arrest_Episodes_Drug_0,Prior drug arrests = 0,-0.02662431619731482,-0.011129115961020251,-0.042425264756365336,0.0,0.375,False
_v4_No,Prior gun-charge convictions = No,0.025955761686168203,0.0030667813247678734,-0.0043662544412835565,0.015920975446145947,0.625,True
Prior_Arrest_Episodes_Drug_2,Prior drug arrests = 2,0.025862246527573626,0.031764886392761364,0.0,0.13653073713716457,0.75,False
Prior_Arrest_Episodes_GunCharges_Yes,Prior gun-charge arrests = Yes,0.025061542636499894,0.04259273180275161,0.0,0.08752870732351484,0.875,False
Prior_Conviction_Episodes_Felony_3 or more,Prior felony convictions = 3 or more,0.024213971083465746,0.006100824891147489,-0.05357089315365812,0.04624728193713546,0.875,True
Prior_Conviction_Episodes_Felony_0,Prior felony convictions = 0,-0.02199122918247796,-0.053398895175742284,-0.13918776203070696,-0.007224955700638934,1.0,False
Prior_Arrest_Episodes_GunCharges_No,Prior gun-charge arrests = No,-0.021344936986752844,-0.013977203430772337,-0.028865364664399564,-0.0005326682533487109,1.0,False
Prior_Conviction_Episodes_Prop_1,Prior property convictions = 1,-0.020750321001429706,-0.021095464163108084,-0.08931619227879947,0.05482783070579194,0.75,True
Prior_Conviction_Episodes_Prop_3 or more,Prior property convictions = 3 or more,0.02073509314744587,0.010219660040619007,-0.025339351239740935,0.041034599400586416,0.875,True
Prison_Offense_Violent/Non-Sex,Prison offense type = Violent/Non-Sex,0.020466434803114858,0.03845197910037619,0.0,0.10072165381756946,0.625,False
Prior_Conviction_Episodes_Misd_3,Prior misdemeanor convictions = 3,0.01854297383372383,0.0165129462823991,-0.03766089636888012,0.08622740698623381,0.625,True
Condition_Other_No,Condition: other = No,-0.017663412174277374,-0.017194610065265986,-0.05212875199781921,0.013972180155222684,1.0,True
Prior_Arrest_Episodes_Property_2,Prior property arrests = 2,-0.015358577784186325,-0.019946424194759713,-0.047872370863177555,-0.0007396248391363557,1.0,False
missingindicator_Supervision_Risk_Score_First,Missing: Georgia risk score (1-10),0.014611983549249443,0.025919301101498458,-0.0037969947320213677,0.05602789670825798,1.0,True
Condition_Cog_Ed_No,Condition: cognitive / education = No,0.013212707197159142,-0.003997754184148146,-0.016374722538280914,0.0,0.375,False
Prior_Revocations_Parole_No,Prior parole revocations = No,-0.013175798815374888,-0.04221642118772588,-0.09789858092463755,0.0,0.875,False
Prior_Arrest_Episodes_Violent_3 or more,Prior violent arrests = 3 or more,0.012728267797660151,0.04204286772111089,-0.00041193428748350107,0.11837614117759386,0.875,True
Prior_Conviction_Episodes_Drug_2 or more,Prior drug convictions = 2 or more,-0.011250750746431505,-0.011620050148726017,-0.056476998114804985,0.04028705798850017,0.875,True
Prior_Arrest_Episodes_Violent_2,Prior violent arrests = 2,0.010029033280890299,0.016985751080973246,-0.008220998890903275,0.05083887566245602,0.875,True
_v1_3,Prior parole/probation-violation arrests = 3,0.008921233599292377,0.01770892758635608,-0.05328420000237394,0.12752229508867038,1.0,True
Prison_Years_1-2 years,Years in prison = 1-2 years,0.008568341638190096,0.0016947869072065518,0.0,0.0065153223098091155,0.625,False
Prior_Arrest_Episodes_DVCharges_No,Prior domestic-violence arrests = No,-0.008021353017599517,-0.009819935956599805,-0.04157731050616439,0.014245469062781268,0.875,True
Prior_Arrest_Episodes_Property_3,Prior property arrests = 3,0.007063757826403837,0.03585081714521356,0.0008625585655150399,0.07733663142793087,1.0,False
Dependents_1,Dependents = 1,0.006787375040423527,0.033700508269884605,0.0,0.08957842777564211,0.75,False
Prior_Arrest_Episodes_Violent_1,Prior violent arrests = 1,-0.005199200184462256,0.010071779010809826,-0.007355302798380083,0.05651741291950598,0.75,True
Prior_Conviction_Episodes_Prop_0,Prior property convictions = 0,0.0046050739523601425,0.01734590188638669,-0.0113732379535457,0.04736545978921939,0.875,True
_v3_No,Prior domestic-violence convictions = No,0.003348073872279267,0.009467442365971138,-0.005409273415200947,0.028449525432156248,0.875,True
Prior_Arrest_Episodes_Misd_2,Prior misdemeanor arrests = 2,-0.003284785433622705,-0.013843870801982919,-0.06215070094343996,0.0,0.5,False
Prior_Conviction_Episodes_Viol_No,Prior violent convictions = No,-0.002477279771632772,-0.01049240932249172,-0.025696150028803055,-0.00027268743512385776,1.0,False
_v3_Yes,Prior domestic-violence convictions = Yes,-0.0010472735802837423,-0.019689814283826764,-0.11111133705352078,0.019242403224735704,0.75,True
Prior_Conviction_Episodes_Prop_2,Prior property convictions = 2,-0.0005737924681760635,-0.008052283299816006,-0.03887428967261907,0.013375218784650039,0.75,True
Prior_Conviction_Episodes_Felony_1,Prior felony convictions = 1,-0.0005592354387023697,-0.0029150231298086526,-0.031209083708620317,0.02608520061953315,0.625,True
_v1_2,Prior parole/probation-violation arrests = 2,-0.00031128096005535795,0.0071949089050038365,-0.06575020535285517,0.06571086624734328,0.5,True
Prior_Conviction_Episodes_Drug_1,Prior drug convictions = 1,0.0,0.00934735058676621,0.0,0.04071658155566236,0.25,False
Prior_Conviction_Episodes_Drug_0,Prior drug convictions = 0,0.0,0.000858437977249547,-0.04809587056464835,0.024229725322823074,0.5,True
Prison_Offense_Other,Prison offense type = Other,0.0,0.0001236152645794717,-0.07026190080253579,0.05735190273356636,0.375,True
Prior_Arrest_Episodes_Felony_4,Prior felony arrests = 4,0.0,-0.023896682057497478,-0.08818280853943876,0.0,0.625,False
Dependents_3 or more,Dependents = 3 or more,0.0,0.020036690824036807,0.0,0.05458649547042145,0.625,False
Prior_Arrest_Episodes_Felony_5,Prior felony arrests = 5,0.0,-0.02327967923895852,-0.14293873318900208,0.0,0.5,False
Dependents_2,Dependents = 2,0.0,-0.009006585362149447,-0.07147947692599448,0.017596268327989485,0.625,True
Supervision_Level_First_Specialized,Initial supervision level = Specialized,0.0,-6.348871028058592e-05,-0.0005079096822446874,0.0,0.125,False
Education_Level_Less than HS diploma,Education level = Less than HS diploma,0.0,-0.001941902499758649,-0.015535219998069193,0.0,0.125,False
Age_at_Release_33-37,Age at release = 33-37,0.0,0.0,0.0,0.0,0.0,False
Condition_Cog_Ed_Yes,Condition: cognitive / education = Yes,0.0,-0.008757176557569463,-0.029125527937091167,0.0069053138805442405,0.75,True
Prior_Conviction_Episodes_Misd_2,Prior misdemeanor convictions = 2,0.0,0.016947912322006455,-0.0018021636565753714,0.09778002178454458,0.625,True
Prior_Arrest_Episodes_Misd_3,Prior misdemeanor arrests = 3,0.0,0.013486439742138876,-0.05168179822120558,0.08696916474165503,0.375,True
