variant,model,max_contested_votes,coverage,n_retained,precision_at_capacity,selection_rate,fnr_gap_gender,abstained_share_F,fnr_gap_race,abstained_share_WHITE
with_gang,logistic,0,0.8716536441654925,6805,0.8460837887067395,0.16135194709772227,-0.11876324490739787,0.12105263157894737,-0.005626685504169893,0.12312862816987473
with_gang,logistic,1,0.9210964519021391,7191,0.8380112269446672,0.1734112084550132,-0.10115929470768181,0.07263157894736842,-0.00470483372482422,0.07516040329972502
with_gang,logistic,2,0.9567055206865633,7469,0.8304221251819505,0.18396036952737985,-0.10326799171810319,0.04,-0.012939042425362812,0.04246868316529178
with_gang,logistic,3,0.984372998591008,7685,0.8263795423956931,0.1933636955107352,-0.09396337051579673,0.01368421052631579,-0.011567947235427645,0.014054384356859151
with_gang,logistic,4,1.0,7807,0.8215174129353234,0.20596900217753297,-0.08984993231837624,0.0,-0.012854819180829868,0.0
with_gang,xgboost,0,0.8537210195977969,6665,0.8504854368932039,0.15453863465866466,-0.12675470586902848,0.12947368421052632,-0.00887878787878782,0.1362664222425909
with_gang,xgboost,1,0.9149481234789292,7143,0.8407224958949097,0.17051658966820663,-0.10209715031371425,0.06842105263157895,-0.01514682139069401,0.0821875954781546
with_gang,xgboost,2,0.9513257333162547,7427,0.8389705882352941,0.18311565908172883,-0.09968265074417226,0.04105263157894737,-0.012761855856689985,0.044912923923006415
with_gang,xgboost,3,0.9848853592929422,7689,0.8349056603773585,0.1930029912862531,-0.09743559526615386,0.01368421052631579,-0.011852160598770478,0.011304613504430187
with_gang,xgboost,4,1.0,7807,0.8283395755305868,0.20520046112463175,-0.0964646372104635,0.0,-0.01973478512919935,0.0
no_gang,logistic,0,0.8610221596003587,6722,0.8236397748592871,0.15858375483487058,-0.0015633776204047045,0.1168421052631579,0.016291364601193736,0.13412771157959058
no_gang,logistic,1,0.9118739592673242,7119,0.8229508196721311,0.17137238376176428,-0.0051581767062939266,0.07368421052631578,0.024730929295496362,0.0821875954781546
no_gang,logistic,2,0.9513257333162547,7427,0.8167036215816703,0.1821731520129258,0.0025956197666940906,0.04842105263157895,0.023610089780352617,0.046135044301863735
no_gang,logistic,3,0.9842449084155245,7684,0.8070892978868439,0.19091618948464342,0.003345919249497342,0.010526315789473684,0.017595210849355558,0.01435991445157348
no_gang,logistic,4,1.0,7807,0.8075471698113208,0.20366337901882925,0.003991612517550203,0.0,0.017753027895795692,0.0
no_gang,xgboost,0,0.8355322146791341,6523,0.8391167192429022,0.14579181358270735,0.016439170664209968,0.1368421052631579,0.011095283860781291,0.1570424686831653
no_gang,xgboost,1,0.9050851799666966,7066,0.8305084745762712,0.1669968864987263,0.0030524354662265774,0.06947368421052631,0.014522153648853564,0.09288114879315612
no_gang,xgboost,2,0.9468425771743307,7392,0.817100371747212,0.1819534632034632,-0.006843494916402348,0.04,0.019596543286631407,0.05194011610143599
no_gang,xgboost,3,0.981042654028436,7659,0.8086838534599728,0.1924533228881055,-0.007807376484114892,0.010526315789473684,0.01649538904426917,0.017720745493431105
no_gang,xgboost,4,1.0,7807,0.8014796547472256,0.20776226463430256,-0.010224964097818812,0.0,0.01444831880345987,0.0
