model,max_contested_votes,coverage,n_retained,precision_at_capacity,selection_rate,fnr_gap_gender,abstained_share_F,fnr_gap_race,abstained_share_WHITE
logistic,0,0.8716536441654925,6805,0.8460837887067395,0.16135194709772227,-0.11876324490739787,0.12105263157894737,-0.005626685504169893,0.12312862816987473
logistic,1,0.9210964519021391,7191,0.8380112269446672,0.1734112084550132,-0.10115929470768181,0.07263157894736842,-0.00470483372482422,0.07516040329972502
logistic,2,0.9567055206865633,7469,0.8304221251819505,0.18396036952737985,-0.10326799171810319,0.04,-0.012939042425362812,0.04246868316529178
logistic,3,0.984372998591008,7685,0.8263795423956931,0.1933636955107352,-0.09396337051579673,0.01368421052631579,-0.011567947235427645,0.014054384356859151
logistic,4,1.0,7807,0.8215174129353234,0.20596900217753297,-0.08984993231837624,0.0,-0.012854819180829868,0.0
xgboost,0,0.853977199948764,6667,0.8482490272373541,0.1541922903854807,-0.12280140363056535,0.12947368421052632,-0.008833990359128574,0.13687748243201955
xgboost,1,0.9150762136544127,7144,0.8401639344262295,0.1707726763717805,-0.1018678915135608,0.06947368421052631,-0.015554880530035176,0.08340971585701192
xgboost,2,0.9519661841936723,7432,0.8372434017595308,0.18353067814854682,-0.09979779963043434,0.042105263157894736,-0.011509504561339257,0.0436908035441491
xgboost,3,0.9848853592929422,7689,0.8342318059299192,0.1930029912862531,-0.09718383292979937,0.01263157894736842,-0.010938866958284388,0.011915673693858845
xgboost,4,1.0,7807,0.8277153558052435,0.20520046112463175,-0.09621784550266488,0.0,-0.01751370508280581,0.0
