bins,model,ece_equal_width,ece_equal_frequency
5,logistic,0.009639946345451891,0.0069503601859716435
5,xgboost,0.010034958484308932,0.006449130366722162
5,tabicl,0.01911950280158829,0.01715612481465357
10,logistic,0.012896845304185977,0.012101294489672097
10,xgboost,0.011232421473933638,0.007993402616497995
10,tabicl,0.019946083693864494,0.017156124814653506
15,logistic,0.014484680803380019,0.017888107388064647
15,xgboost,0.01263784297002693,0.015603733429870632
15,tabicl,0.02070333424029715,0.017848405350582793
20,logistic,0.019115047805275325,0.016777849909410274
20,xgboost,0.014537036586012523,0.021475654815806332
20,tabicl,0.021901272610733973,0.021007024336108633
50,logistic,0.02588114526317897,0.030389360760648333
50,xgboost,0.025324103905597535,0.028076882613936212
50,tabicl,0.027204651556039454,0.03092757763443064
