model,feature,value,method,rank
logistic,Age_at_Release,0.4437345537020828,shap,1.0
logistic,Gang_Affiliated,0.2311557679953428,shap,2.0
logistic,Prior_Arrest_Episodes_Felony,0.2150795932992161,shap,3.0
logistic,Prison_Years,0.1477784675596576,shap,4.0
logistic,_v1,0.1431140627437732,shap,5.0
logistic,Prior_Arrest_Episodes_Property,0.1281360837029145,shap,6.0
logistic,Prior_Arrest_Episodes_Misd,0.1187281767448799,shap,7.0
logistic,Condition_MH_SA,0.1164153864979966,shap,8.0
logistic,Prior_Conviction_Episodes_Misd,0.0999168212840833,shap,9.0
logistic,Education_Level,0.0784694364046401,shap,10.0
logistic,Prior_Revocations_Parole,0.0774489624624012,shap,11.0
logistic,Supervision_Risk_Score_First,0.0756971630664205,shap,12.0
logistic,Prison_Offense,0.0580759988999615,shap,13.0
logistic,_v2,0.053930727630325,shap,14.0
logistic,Prior_Arrest_Episodes_Violent,0.0415309248545263,shap,15.0
logistic,Supervision_Level_First,0.0373253355631674,shap,16.0
logistic,Prior_Revocations_Probation,0.0352449123383098,shap,17.0
logistic,Prior_Arrest_Episodes_Drug,0.0341210408481914,shap,18.0
logistic,Condition_Other,0.0306645357535296,shap,19.0
logistic,Prior_Conviction_Episodes_Viol,0.0241655655276418,shap,20.0
logistic,Dependents,0.022933626000672,shap,21.0
logistic,Prior_Conviction_Episodes_Felony,0.0228029492650454,shap,22.0
logistic,Prior_Arrest_Episodes_DVCharges,0.0183351916639077,shap,23.0
logistic,Prior_Arrest_Episodes_GunCharges,0.0162199927579193,shap,24.0
logistic,_v4,0.0116710428895242,shap,25.0
logistic,Prior_Conviction_Episodes_Prop,0.0109941447581364,shap,26.0
logistic,Condition_Cog_Ed,0.0064813613884946,shap,27.0
logistic,Prior_Conviction_Episodes_Drug,0.0045660046829313,shap,28.0
logistic,_v3,0.000694728618352,shap,29.0
xgboost,Age_at_Release,0.3947018980979919,shap,1.0
xgboost,Gang_Affiliated,0.2053149789571762,shap,2.0
xgboost,Prior_Arrest_Episodes_Felony,0.1709114611148834,shap,3.0
xgboost,_v1,0.153563991189003,shap,4.0
xgboost,Prison_Years,0.1454450041055679,shap,5.0
xgboost,Prior_Arrest_Episodes_Property,0.1379858404397964,shap,6.0
xgboost,Prior_Arrest_Episodes_Misd,0.118591584265232,shap,7.0
xgboost,Condition_MH_SA,0.1093226373195648,shap,8.0
xgboost,Supervision_Risk_Score_First,0.0997054353356361,shap,9.0
xgboost,Prior_Conviction_Episodes_Misd,0.083473727107048,shap,10.0
xgboost,Education_Level,0.0726287513971328,shap,11.0
xgboost,Prior_Revocations_Parole,0.05782051384449,shap,12.0
xgboost,Prison_Offense,0.0481161586940288,shap,13.0
xgboost,_v2,0.044409941881895,shap,14.0
xgboost,Prior_Arrest_Episodes_Violent,0.0425072573125362,shap,15.0
xgboost,Prior_Revocations_Probation,0.0357696749269962,shap,16.0
xgboost,Condition_Other,0.0318370275199413,shap,17.0
xgboost,Prior_Arrest_Episodes_Drug,0.0280344858765602,shap,18.0
xgboost,Supervision_Level_First,0.0223409831523895,shap,19.0
xgboost,Prior_Conviction_Episodes_Viol,0.0223263390362262,shap,20.0
xgboost,Dependents,0.0212546419352293,shap,21.0
xgboost,Prior_Arrest_Episodes_GunCharges,0.0156129337847232,shap,22.0
xgboost,Prior_Arrest_Episodes_DVCharges,0.0151620637625455,shap,23.0
xgboost,Prior_Conviction_Episodes_Felony,0.0145695777609944,shap,24.0
xgboost,_v4,0.0105104921385645,shap,25.0
xgboost,Prior_Conviction_Episodes_Prop,0.0071096648462116,shap,26.0
xgboost,Condition_Cog_Ed,0.0059050358831882,shap,27.0
xgboost,Prior_Conviction_Episodes_Drug,0.003677642904222,shap,28.0
xgboost,_v3,0.0033513384405523,shap,29.0
logistic,Age_at_Release,0.0165022645479478,permutation_importance,1.0
logistic,Prior_Arrest_Episodes_Felony,0.0082868071913045,permutation_importance,2.0
logistic,Gang_Affiliated,0.0070345878699026,permutation_importance,3.0
logistic,_v1,0.0043718094775701,permutation_importance,4.0
logistic,Prison_Years,0.0042980790145523,permutation_importance,5.0
logistic,Prior_Arrest_Episodes_Property,0.0036032071322891,permutation_importance,6.0
logistic,Prior_Arrest_Episodes_Misd,0.0032273655045137,permutation_importance,7.0
logistic,Condition_MH_SA,0.0019042820058905,permutation_importance,8.0
logistic,Prior_Conviction_Episodes_Misd,0.0015622244065225,permutation_importance,9.0
logistic,Education_Level,0.0006898561884657,permutation_importance,10.0
logistic,_v2,0.0002026661820349,permutation_importance,11.0
logistic,Prison_Offense,0.0001916960153429,permutation_importance,12.0
logistic,Prior_Revocations_Parole,0.0001859359944466,permutation_importance,13.0
logistic,Prior_Conviction_Episodes_Felony,0.0001748610330823,permutation_importance,14.0
logistic,Condition_Other,0.0001472594674073,permutation_importance,15.0
logistic,Dependents,0.0001446919917044,permutation_importance,16.0
logistic,Prior_Conviction_Episodes_Prop,0.0001236365065814,permutation_importance,17.0
logistic,Prior_Arrest_Episodes_Violent,9.346864549798496e-05,permutation_importance,18.0
logistic,Prior_Arrest_Episodes_DVCharges,6.188580593753379e-05,permutation_importance,19.0
logistic,Prior_Conviction_Episodes_Drug,2.830009202988704e-05,permutation_importance,20.0
logistic,Prior_Revocations_Probation,2.2487871836440745e-05,permutation_importance,21.0
logistic,_v3,-6.765425395793834e-07,permutation_importance,22.0
logistic,Supervision_Risk_Score_First,-1.6771514345698126e-05,permutation_importance,23.0
logistic,Prior_Arrest_Episodes_GunCharges,-2.7660774375382054e-05,permutation_importance,24.0
logistic,Prior_Conviction_Episodes_Viol,-2.981933394404779e-05,permutation_importance,25.0
logistic,Condition_Cog_Ed,-5.480943797872562e-05,permutation_importance,26.0
logistic,_v4,-7.544275977712233e-05,permutation_importance,27.0
logistic,Prior_Arrest_Episodes_Drug,-0.0001717035952465,permutation_importance,28.0
logistic,Supervision_Level_First,-0.0002862090433347,permutation_importance,29.0
xgboost,Age_at_Release,0.0140278277997859,permutation_importance,1.0
xgboost,Gang_Affiliated,0.0063710600059707,permutation_importance,2.0
xgboost,Prior_Arrest_Episodes_Felony,0.006135316069759,permutation_importance,3.0
xgboost,_v1,0.0044916781529954,permutation_importance,4.0
xgboost,Prison_Years,0.0042156056530402,permutation_importance,5.0
xgboost,Prior_Arrest_Episodes_Property,0.0037776052254624,permutation_importance,6.0
xgboost,Prior_Arrest_Episodes_Misd,0.0029517301119415,permutation_importance,7.0
xgboost,Condition_MH_SA,0.001431238713908,permutation_importance,8.0
xgboost,Prior_Conviction_Episodes_Misd,0.0011178187273597,permutation_importance,9.0
xgboost,Education_Level,0.000758857143343,permutation_importance,10.0
xgboost,Prison_Offense,0.000390923978502,permutation_importance,11.0
xgboost,Prior_Arrest_Episodes_Violent,0.0003793173432958,permutation_importance,12.0
xgboost,Condition_Other,0.0003756258331327,permutation_importance,13.0
xgboost,Dependents,0.0002708348688021,permutation_importance,14.0
xgboost,Prior_Conviction_Episodes_Felony,0.000154512071231,permutation_importance,15.0
xgboost,_v2,0.0001453495913917,permutation_importance,16.0
xgboost,Prior_Arrest_Episodes_Drug,0.0001374231693748,permutation_importance,17.0
xgboost,Prior_Conviction_Episodes_Prop,8.193726601695151e-05,permutation_importance,18.0
xgboost,Prior_Conviction_Episodes_Viol,7.647352159395604e-05,permutation_importance,19.0
xgboost,Prior_Arrest_Episodes_DVCharges,3.84215128390264e-05,permutation_importance,20.0
xgboost,Prior_Conviction_Episodes_Drug,2.7868164666039476e-05,permutation_importance,21.0
xgboost,Prior_Revocations_Probation,-7.315461198811323e-05,permutation_importance,22.0
xgboost,Prior_Revocations_Parole,-9.202521046471346e-05,permutation_importance,23.0
xgboost,Condition_Cog_Ed,-0.0001040283917087,permutation_importance,24.0
xgboost,_v4,-0.0001055901956161,permutation_importance,25.0
xgboost,_v3,-0.0001152784190423,permutation_importance,26.0
xgboost,Prior_Arrest_Episodes_GunCharges,-0.0001202815612178,permutation_importance,27.0
xgboost,Supervision_Risk_Score_First,-0.000210550204973,permutation_importance,28.0
xgboost,Supervision_Level_First,-0.0002525894862751,permutation_importance,29.0
logistic,Age_at_Release,0.0888805135407967,xper,1.0
logistic,Gang_Affiliated,0.024831433726633,xper,5.0
logistic,Supervision_Risk_Score_First,0.0079924968734257,xper,9.0
logistic,Supervision_Level_First,0.0024822028710067,xper,15.0
logistic,Education_Level,-0.0049504867503847,xper,27.0
logistic,Dependents,-0.0007412544691715,xper,21.0
logistic,Prison_Offense,0.0037485657537369,xper,14.0
logistic,Prison_Years,0.0084695419264441,xper,8.0
logistic,Prior_Arrest_Episodes_Felony,0.0431531280083909,xper,2.0
logistic,Prior_Arrest_Episodes_Misd,0.0280719654186594,xper,4.0
logistic,Prior_Arrest_Episodes_Violent,-0.0007045640612856,xper,20.0
logistic,Prior_Arrest_Episodes_Property,0.005025228071321,xper,10.0
logistic,Prior_Arrest_Episodes_Drug,-0.0020171004040238,xper,25.0
logistic,_v1,0.0293383723059387,xper,3.0
logistic,Prior_Arrest_Episodes_DVCharges,-0.0010272963064394,xper,23.0
logistic,Prior_Arrest_Episodes_GunCharges,-0.0006264240069637,xper,19.0
logistic,Prior_Conviction_Episodes_Felony,-0.0016217087626572,xper,24.0
logistic,Prior_Conviction_Episodes_Misd,0.0200382390257292,xper,6.0
logistic,Prior_Conviction_Episodes_Viol,0.0047583769545921,xper,11.0
logistic,Prior_Conviction_Episodes_Prop,0.0008306182642487,xper,16.0
logistic,Prior_Conviction_Episodes_Drug,0.0001614249980689,xper,18.0
logistic,_v2,-0.0041009779550232,xper,26.0
logistic,_v3,-0.0008581304222872,xper,22.0
logistic,_v4,0.000573317615662,xper,17.0
logistic,Prior_Revocations_Parole,-0.0051518968714007,xper,28.0
logistic,Prior_Revocations_Probation,-0.008173907558685,xper,29.0
logistic,Condition_MH_SA,0.0162763452659285,xper,7.0
logistic,Condition_Cog_Ed,0.004439251429728,xper,12.0
logistic,Condition_Other,0.0040836786547692,xper,13.0
xgboost,Age_at_Release,0.0842412231215774,xper,1.0
xgboost,Gang_Affiliated,0.026723640268383,xper,5.0
xgboost,Supervision_Risk_Score_First,0.0166108732637659,xper,7.0
xgboost,Supervision_Level_First,-0.0003271953050967,xper,21.0
xgboost,Education_Level,-0.0044672067870498,xper,26.0
xgboost,Dependents,0.0005292683923961,xper,18.0
xgboost,Prison_Offense,0.0009228172394005,xper,17.0
xgboost,Prison_Years,0.0096144848687144,xper,9.0
xgboost,Prior_Arrest_Episodes_Felony,0.0450683867230675,xper,2.0
xgboost,Prior_Arrest_Episodes_Misd,0.0322918818714937,xper,3.0
xgboost,Prior_Arrest_Episodes_Violent,0.0009459320002567,xper,16.0
xgboost,Prior_Arrest_Episodes_Property,0.0044461896632786,xper,12.0
xgboost,Prior_Arrest_Episodes_Drug,-0.0040779974254447,xper,25.0
xgboost,_v1,0.0312852669695903,xper,4.0
xgboost,Prior_Arrest_Episodes_DVCharges,-0.0006514113271558,xper,22.0
xgboost,Prior_Arrest_Episodes_GunCharges,-0.0007395111788376,xper,23.0
xgboost,Prior_Conviction_Episodes_Felony,-1.1649294628379714e-05,xper,20.0
xgboost,Prior_Conviction_Episodes_Misd,0.020553720936889,xper,6.0
xgboost,Prior_Conviction_Episodes_Viol,0.0062532481068964,xper,11.0
xgboost,Prior_Conviction_Episodes_Prop,0.0033199103891259,xper,13.0
xgboost,Prior_Conviction_Episodes_Drug,1.90134795556296e-05,xper,19.0
xgboost,_v2,-0.004695810232988,xper,27.0
xgboost,_v3,-0.0010477206916719,xper,24.0
xgboost,_v4,0.0032324387541818,xper,14.0
xgboost,Prior_Revocations_Parole,-0.0085126730509807,xper,29.0
xgboost,Prior_Revocations_Probation,-0.0071845818955294,xper,28.0
xgboost,Condition_MH_SA,0.0148694639279865,xper,8.0
xgboost,Condition_Cog_Ed,0.0079829114852318,xper,10.0
xgboost,Condition_Other,0.0029351560171899,xper,15.0
