feature,x_y_dependence,x_d_dependence_Gender,x_d_dependence_Age,x_d_dependence_Race
Age_at_Release,0.1672029582575881,0.07689926861446009,1.0,0.13958128051013438
Gang_Affiliated,0.2011915730711189,1.0,0.24915405768630708,0.18327358902730811
Supervision_Risk_Score_First,0.18187308809234384,0.04563503972026065,0.4563686211292154,0.08392701001632193
Supervision_Level_First,0.10400549402110779,0.0767452873220331,0.2510509708774052,0.027554217061219962
Education_Level,0.12898759833544202,0.11395146976361024,0.1334925576402627,0.08722705627607094
Dependents,0.04773169380733788,0.04472840238525693,0.1452947571486118,0.10808907818987404
Prison_Offense,0.1421834842611111,0.11921124811757917,0.08715557411349763,0.17716608504121087
Prison_Years,0.13494480970278372,0.08111197901484665,0.11736955305218517,0.08881510720649677
Prior_Arrest_Episodes_Felony,0.21040762769042426,0.07244461451625,0.3699543450019777,0.05634701612093937
Prior_Arrest_Episodes_Misd,0.1712610902675473,0.05185978716477027,0.2620033817278172,0.09088092170180183
Prior_Arrest_Episodes_Violent,0.06503565910712167,0.13749543508375447,0.18898391014795055,0.12485170273386241
Prior_Arrest_Episodes_Property,0.18134705485707067,0.05807193530181986,0.2683886261826124,0.11564381914766991
Prior_Arrest_Episodes_Drug,0.07418515277659347,0.0811080142843885,0.1635990139090068,0.10963463290065716
_v1,0.22979023409651755,0.027481409669686183,0.18284846704381197,0.06092944675598072
Prior_Arrest_Episodes_DVCharges,0.0617004377390755,0.06250853679345038,0.05793230279013122,0.04701401377753708
Prior_Arrest_Episodes_GunCharges,0.0383276578731367,0.13899184732131145,0.02278409608629846,0.11907209807818453
Prior_Conviction_Episodes_Felony,0.1132686817787528,0.030889039657379973,0.37825654637921474,0.04324328694406425
Prior_Conviction_Episodes_Misd,0.1682298579769204,0.06847937749774542,0.2417752348741199,0.06442052063115244
Prior_Conviction_Episodes_Viol,0.032501905678207134,0.11093301794004973,0.08716329840921029,0.10486934185017681
Prior_Conviction_Episodes_Prop,0.17661716577554912,0.04477170093818942,0.23487273370294523,0.09954450968390054
Prior_Conviction_Episodes_Drug,0.06147323212996337,0.06171967812233987,0.12581060018441248,0.06366476275601861
_v2,0.09281988449957658,0.020238892849449817,0.21213669544869046,0.053581394801227915
_v3,0.06670336300342235,0.06228059039111516,0.03890412713089492,0.007209940960169223
_v4,0.04440691710452834,0.10645442933232667,0.002842269842774055,0.06576169263632949
Prior_Revocations_Parole,0.0499152351816706,0.07307300322384858,0.09247884555619204,0.05958080261875977
Prior_Revocations_Probation,0.033726480649495676,0.020227614310442465,0.003526871494548656,0.08355890582432371
Condition_MH_SA,0.12701823445623134,0.08882435386634667,0.019211361568814936,0.16450091181110058
Condition_Cog_Ed,0.03997509437501223,0.02820167146174741,0.04874428783575526,0.022610768223736876
Condition_Other,0.011191203769005459,0.0492851505003477,0.10240478085269962,0.01295817659667604
