model,age_band,n,base_rate,selection_rate,fnr
logistic,18-22,612,0.7205882352941176,0.42483660130718953,0.49433106575963714
logistic,23-27,1565,0.6587859424920128,0.3233226837060703,0.594568380213385
logistic,28-32,1533,0.6033920417482062,0.2557077625570776,0.6551351351351351
logistic,33-37,1296,0.5671296296296297,0.15895061728395063,0.7850340136054421
logistic,38-42,953,0.5120671563483735,0.1385099685204617,0.7663934426229508
logistic,43-47,762,0.5131233595800525,0.06430446194225722,0.8951406649616368
logistic,48 or older,1086,0.43462246777163904,0.014732965009208104,0.9745762711864406
xgboost,18-22,612,0.7205882352941176,0.4297385620915033,0.48752834467120176
xgboost,23-27,1565,0.6587859424920128,0.3169329073482428,0.6013579049466538
xgboost,28-32,1533,0.6033920417482062,0.24787997390737115,0.6637837837837838
xgboost,33-37,1296,0.5671296296296297,0.16280864197530864,0.7700680272108844
xgboost,38-42,953,0.5120671563483735,0.155299055613851,0.7418032786885246
xgboost,43-47,762,0.5131233595800525,0.06036745406824147,0.8976982097186701
xgboost,48 or older,1086,0.43462246777163904,0.01565377532228361,0.9703389830508474
tabicl,18-22,612,0.7205882352941176,0.4444444444444444,0.47165532879818595
tabicl,23-27,1565,0.6587859424920128,0.3169329073482428,0.5994180407371483
tabicl,28-32,1533,0.6033920417482062,0.2465753424657534,0.665945945945946
tabicl,33-37,1296,0.5671296296296297,0.1728395061728395,0.7578231292517007
tabicl,38-42,953,0.5120671563483735,0.1259181532004197,0.7930327868852459
tabicl,43-47,762,0.5131233595800525,0.07217847769028872,0.8849104859335039
tabicl,48 or older,1086,0.43462246777163904,0.014732965009208104,0.972457627118644
