model,attribute,feature,value,auc,p_equal_opportunity,p_statistical_parity,baseline_rejected
logistic,Gender,Age_at_Release,18-22,0.6927529471545534,0.1406739114971411,1.0331319698151407e-05,True
logistic,Age,Age_at_Release,18-22,0.6927529471545534,2.9386592340100914e-32,3.945747807429289e-23,True
logistic,Race,Age_at_Release,18-22,0.6927529471545534,1.4687894422235683e-06,0.0025732241984175097,False
logistic,Gender,Age_at_Release,23-27,0.6927529471545534,0.1406739114971411,1.0331319698151407e-05,True
logistic,Age,Age_at_Release,23-27,0.6927529471545534,2.9386592340100914e-32,3.945747807429289e-23,True
logistic,Race,Age_at_Release,23-27,0.6927529471545534,1.4687894422235683e-06,0.0025732241984175097,False
logistic,Gender,Age_at_Release,28-32,0.6927529471545534,0.1406739114971411,1.0331319698151407e-05,True
logistic,Age,Age_at_Release,28-32,0.6927529471545534,2.9386592340100914e-32,3.945747807429289e-23,True
logistic,Race,Age_at_Release,28-32,0.6927529471545534,1.4687894422235683e-06,0.0025732241984175097,False
logistic,Gender,Age_at_Release,33-37,0.6927529471545534,0.1406739114971411,1.0331319698151407e-05,True
logistic,Age,Age_at_Release,33-37,0.6927529471545534,2.9386592340100914e-32,3.945747807429289e-23,True
logistic,Race,Age_at_Release,33-37,0.6927529471545534,1.4687894422235683e-06,0.0025732241984175097,False
logistic,Gender,Age_at_Release,38-42,0.6927529471545534,0.1406739114971411,1.0331319698151407e-05,True
logistic,Age,Age_at_Release,38-42,0.6927529471545534,2.9386592340100914e-32,3.945747807429289e-23,True
logistic,Race,Age_at_Release,38-42,0.6927529471545534,1.4687894422235683e-06,0.0025732241984175097,False
logistic,Gender,Age_at_Release,43-47,0.6927529471545534,0.1406739114971411,1.0331319698151407e-05,True
logistic,Age,Age_at_Release,43-47,0.6927529471545534,2.9386592340100914e-32,3.945747807429289e-23,True
logistic,Race,Age_at_Release,43-47,0.6927529471545534,1.4687894422235683e-06,0.0025732241984175097,False
logistic,Gender,Age_at_Release,48 or older,0.6927529471545534,0.1406739114971411,1.0331319698151407e-05,True
logistic,Age,Age_at_Release,48 or older,0.6927529471545534,2.9386592340100914e-32,3.945747807429289e-23,True
logistic,Race,Age_at_Release,48 or older,0.6927529471545534,1.4687894422235683e-06,0.0025732241984175097,False
logistic,Gender,Gang_Affiliated,No,0.71362562218602,0.528284787342111,0.030797770426195678,True
logistic,Age,Gang_Affiliated,No,0.71362562218602,2.3454878699217107e-32,1.823302346034288e-64,True
logistic,Race,Gang_Affiliated,No,0.71362562218602,0.0020506133272025075,0.019995503737363307,False
logistic,Gender,Gang_Affiliated,Yes,0.71362562218602,0.528284787342111,0.030797770426195678,True
logistic,Age,Gang_Affiliated,Yes,0.71362562218602,2.3454878699217107e-32,1.823302346034288e-64,True
logistic,Race,Gang_Affiliated,Yes,0.71362562218602,0.0020506133272025075,0.019995503737363307,False
logistic,Gender,Supervision_Risk_Score_First,1.0,0.7291131988662611,7.847946126890691e-06,2.4385305882539526e-12,True
logistic,Age,Supervision_Risk_Score_First,1.0,0.7291131988662611,6.392195019160279e-60,3.779680709485469e-106,True
logistic,Race,Supervision_Risk_Score_First,1.0,0.7291131988662611,0.6018479109748265,0.08095027018331905,False
logistic,Gender,Supervision_Risk_Score_First,2.0,0.7291131988662611,7.847946126890691e-06,2.4385305882539526e-12,True
logistic,Age,Supervision_Risk_Score_First,2.0,0.7291131988662611,6.392195019160279e-60,3.779680709485469e-106,True
logistic,Race,Supervision_Risk_Score_First,2.0,0.7291131988662611,0.6018479109748265,0.08095027018331905,False
logistic,Gender,Supervision_Risk_Score_First,3.0,0.7291131988662611,7.847946126890691e-06,2.4385305882539526e-12,True
logistic,Age,Supervision_Risk_Score_First,3.0,0.7291131988662611,6.392195019160279e-60,3.779680709485469e-106,True
logistic,Race,Supervision_Risk_Score_First,3.0,0.7291131988662611,0.6018479109748265,0.08095027018331905,False
logistic,Gender,Supervision_Risk_Score_First,4.0,0.7291131988662611,7.847946126890691e-06,2.4385305882539526e-12,True
logistic,Age,Supervision_Risk_Score_First,4.0,0.7291131988662611,6.392195019160279e-60,3.779680709485469e-106,True
logistic,Race,Supervision_Risk_Score_First,4.0,0.7291131988662611,0.6018479109748265,0.08095027018331905,False
logistic,Gender,Supervision_Risk_Score_First,5.0,0.7291131988662611,7.847946126890691e-06,2.4385305882539526e-12,True
logistic,Age,Supervision_Risk_Score_First,5.0,0.7291131988662611,6.392195019160279e-60,3.779680709485469e-106,True
logistic,Race,Supervision_Risk_Score_First,5.0,0.7291131988662611,0.6018479109748265,0.08095027018331905,False
logistic,Gender,Supervision_Risk_Score_First,6.0,0.7291131988662611,7.847946126890691e-06,2.4385305882539526e-12,True
logistic,Age,Supervision_Risk_Score_First,6.0,0.7291131988662611,6.392195019160279e-60,3.779680709485469e-106,True
logistic,Race,Supervision_Risk_Score_First,6.0,0.7291131988662611,0.6018479109748265,0.08095027018331905,False
logistic,Gender,Supervision_Risk_Score_First,7.0,0.7291131988662611,7.847946126890691e-06,2.4385305882539526e-12,True
logistic,Age,Supervision_Risk_Score_First,7.0,0.7291131988662611,6.392195019160279e-60,3.779680709485469e-106,True
logistic,Race,Supervision_Risk_Score_First,7.0,0.7291131988662611,0.6018479109748265,0.08095027018331905,False
logistic,Gender,Supervision_Risk_Score_First,8.0,0.7291131988662611,7.847946126890691e-06,2.4385305882539526e-12,True
logistic,Age,Supervision_Risk_Score_First,8.0,0.7291131988662611,6.392195019160279e-60,3.779680709485469e-106,True
logistic,Race,Supervision_Risk_Score_First,8.0,0.7291131988662611,0.6018479109748265,0.08095027018331905,False
logistic,Gender,Supervision_Risk_Score_First,9.0,0.7291131988662611,7.847946126890691e-06,2.4385305882539526e-12,True
logistic,Age,Supervision_Risk_Score_First,9.0,0.7291131988662611,6.392195019160279e-60,3.779680709485469e-106,True
logistic,Race,Supervision_Risk_Score_First,9.0,0.7291131988662611,0.6018479109748265,0.08095027018331905,False
logistic,Gender,Supervision_Risk_Score_First,10.0,0.7291131988662611,7.847946126890691e-06,2.4385305882539526e-12,True
logistic,Age,Supervision_Risk_Score_First,10.0,0.7291131988662611,6.392195019160279e-60,3.779680709485469e-106,True
logistic,Race,Supervision_Risk_Score_First,10.0,0.7291131988662611,0.6018479109748265,0.08095027018331905,False
logistic,Gender,Supervision_Level_First,High,0.7294048475145978,3.72894764240333e-05,2.72777301935511e-11,True
logistic,Age,Supervision_Level_First,High,0.7294048475145978,1.7083882415894538e-67,3.210288104703799e-117,True
logistic,Race,Supervision_Level_First,High,0.7294048475145978,0.5745833246541722,0.07145958897995414,False
logistic,Gender,Supervision_Level_First,Specialized,0.7294048475145978,3.72894764240333e-05,2.72777301935511e-11,True
logistic,Age,Supervision_Level_First,Specialized,0.7294048475145978,1.7083882415894538e-67,3.210288104703799e-117,True
logistic,Race,Supervision_Level_First,Specialized,0.7294048475145978,0.5745833246541722,0.07145958897995414,False
logistic,Gender,Supervision_Level_First,Standard,0.7294048475145978,3.72894764240333e-05,2.72777301935511e-11,True
logistic,Age,Supervision_Level_First,Standard,0.7294048475145978,1.7083882415894538e-67,3.210288104703799e-117,True
logistic,Race,Supervision_Level_First,Standard,0.7294048475145978,0.5745833246541722,0.07145958897995414,False
logistic,Gender,Education_Level,At least some college,0.7297821587261194,2.5333153466590415e-05,8.276590450374886e-12,True
logistic,Age,Education_Level,At least some college,0.7297821587261194,6.996510082847948e-72,5.7852657351819386e-123,True
logistic,Race,Education_Level,At least some college,0.7297821587261194,0.3461784211446908,0.06290071810171642,False
logistic,Gender,Education_Level,High School Diploma,0.7297821587261194,2.5333153466590415e-05,8.276590450374886e-12,True
logistic,Age,Education_Level,High School Diploma,0.7297821587261194,6.996510082847948e-72,5.7852657351819386e-123,True
logistic,Race,Education_Level,High School Diploma,0.7297821587261194,0.3461784211446908,0.06290071810171642,False
logistic,Gender,Education_Level,Less than HS diploma,0.7297821587261194,2.5333153466590415e-05,8.276590450374886e-12,True
logistic,Age,Education_Level,Less than HS diploma,0.7297821587261194,6.996510082847948e-72,5.7852657351819386e-123,True
logistic,Race,Education_Level,Less than HS diploma,0.7297821587261194,0.3461784211446908,0.06290071810171642,False
logistic,Gender,Dependents,0,0.7298260805025429,1.1264193997039808e-05,8.276590450374886e-12,True
logistic,Age,Dependents,0,0.7298260805025429,1.0862551795073378e-72,3.9516306288429166e-124,True
logistic,Race,Dependents,0,0.7298260805025429,0.6629962567575356,0.11568222581918175,False
logistic,Gender,Dependents,1,0.7298260805025429,1.1264193997039808e-05,8.276590450374886e-12,True
logistic,Age,Dependents,1,0.7298260805025429,1.0862551795073378e-72,3.9516306288429166e-124,True
logistic,Race,Dependents,1,0.7298260805025429,0.6629962567575356,0.11568222581918175,False
logistic,Gender,Dependents,2,0.7298260805025429,1.1264193997039808e-05,8.276590450374886e-12,True
logistic,Age,Dependents,2,0.7298260805025429,1.0862551795073378e-72,3.9516306288429166e-124,True
logistic,Race,Dependents,2,0.7298260805025429,0.6629962567575356,0.11568222581918175,False
logistic,Gender,Dependents,3 or more,0.7298260805025429,1.1264193997039808e-05,8.276590450374886e-12,True
logistic,Age,Dependents,3 or more,0.7298260805025429,1.0862551795073378e-72,3.9516306288429166e-124,True
logistic,Race,Dependents,3 or more,0.7298260805025429,0.6629962567575356,0.11568222581918175,False
logistic,Gender,Prison_Offense,Drug,0.729104407800239,3.2486076906282023e-06,1.93793553563466e-13,True
logistic,Age,Prison_Offense,Drug,0.729104407800239,6.163897030419308e-71,8.361853289435256e-122,True
logistic,Race,Prison_Offense,Drug,0.729104407800239,0.585126378409549,0.04216040082538899,False
logistic,Gender,Prison_Offense,Other,0.729104407800239,3.2486076906282023e-06,1.93793553563466e-13,True
logistic,Age,Prison_Offense,Other,0.729104407800239,6.163897030419308e-71,8.361853289435256e-122,True
logistic,Race,Prison_Offense,Other,0.729104407800239,0.585126378409549,0.04216040082538899,False
logistic,Gender,Prison_Offense,Property,0.729104407800239,3.2486076906282023e-06,1.93793553563466e-13,True
logistic,Age,Prison_Offense,Property,0.729104407800239,6.163897030419308e-71,8.361853289435256e-122,True
logistic,Race,Prison_Offense,Property,0.729104407800239,0.585126378409549,0.04216040082538899,False
logistic,Gender,Prison_Offense,Violent/Non-Sex,0.729104407800239,3.2486076906282023e-06,1.93793553563466e-13,True
logistic,Age,Prison_Offense,Violent/Non-Sex,0.729104407800239,6.163897030419308e-71,8.361853289435256e-122,True
logistic,Race,Prison_Offense,Violent/Non-Sex,0.729104407800239,0.585126378409549,0.04216040082538899,False
logistic,Gender,Prison_Offense,Violent/Sex,0.729104407800239,3.2486076906282023e-06,1.93793553563466e-13,True
logistic,Age,Prison_Offense,Violent/Sex,0.729104407800239,6.163897030419308e-71,8.361853289435256e-122,True
logistic,Race,Prison_Offense,Violent/Sex,0.729104407800239,0.585126378409549,0.04216040082538899,False
logistic,Gender,Prison_Years,1-2 years,0.7243011974908284,3.932344874440759e-08,8.5926502184588745e-16,True
logistic,Age,Prison_Years,1-2 years,0.7243011974908284,3.451809970916819e-65,1.0039440780325689e-112,True
logistic,Race,Prison_Years,1-2 years,0.7243011974908284,0.6065199259171835,0.08095027018331905,False
logistic,Gender,Prison_Years,Greater than 2 to 3 years,0.7243011974908284,3.932344874440759e-08,8.5926502184588745e-16,True
logistic,Age,Prison_Years,Greater than 2 to 3 years,0.7243011974908284,3.451809970916819e-65,1.0039440780325689e-112,True
logistic,Race,Prison_Years,Greater than 2 to 3 years,0.7243011974908284,0.6065199259171835,0.08095027018331905,False
logistic,Gender,Prison_Years,Less than 1 year,0.7243011974908284,3.932344874440759e-08,8.5926502184588745e-16,True
logistic,Age,Prison_Years,Less than 1 year,0.7243011974908284,3.451809970916819e-65,1.0039440780325689e-112,True
logistic,Race,Prison_Years,Less than 1 year,0.7243011974908284,0.6065199259171835,0.08095027018331905,False
logistic,Gender,Prison_Years,More than 3 years,0.7243011974908284,3.932344874440759e-08,8.5926502184588745e-16,True
logistic,Age,Prison_Years,More than 3 years,0.7243011974908284,3.451809970916819e-65,1.0039440780325689e-112,True
logistic,Race,Prison_Years,More than 3 years,0.7243011974908284,0.6065199259171835,0.08095027018331905,False
logistic,Gender,Prior_Arrest_Episodes_Felony,0,0.7205780468157148,1.9707168356168386e-10,2.3748752068789964e-18,True
logistic,Age,Prior_Arrest_Episodes_Felony,0,0.7205780468157148,1.933289182716093e-160,4.994464711315932e-246,True
logistic,Race,Prior_Arrest_Episodes_Felony,0,0.7205780468157148,0.11511296936053121,0.006526289306078872,False
logistic,Gender,Prior_Arrest_Episodes_Felony,1,0.7205780468157148,1.9707168356168386e-10,2.3748752068789964e-18,True
logistic,Age,Prior_Arrest_Episodes_Felony,1,0.7205780468157148,1.933289182716093e-160,4.994464711315932e-246,True
logistic,Race,Prior_Arrest_Episodes_Felony,1,0.7205780468157148,0.11511296936053121,0.006526289306078872,False
logistic,Gender,Prior_Arrest_Episodes_Felony,2,0.7205780468157148,1.9707168356168386e-10,2.3748752068789964e-18,True
logistic,Age,Prior_Arrest_Episodes_Felony,2,0.7205780468157148,1.933289182716093e-160,4.994464711315932e-246,True
logistic,Race,Prior_Arrest_Episodes_Felony,2,0.7205780468157148,0.11511296936053121,0.006526289306078872,False
logistic,Gender,Prior_Arrest_Episodes_Felony,3,0.7205780468157148,1.9707168356168386e-10,2.3748752068789964e-18,True
logistic,Age,Prior_Arrest_Episodes_Felony,3,0.7205780468157148,1.933289182716093e-160,4.994464711315932e-246,True
logistic,Race,Prior_Arrest_Episodes_Felony,3,0.7205780468157148,0.11511296936053121,0.006526289306078872,False
logistic,Gender,Prior_Arrest_Episodes_Felony,4,0.7205780468157148,1.9707168356168386e-10,2.3748752068789964e-18,True
logistic,Age,Prior_Arrest_Episodes_Felony,4,0.7205780468157148,1.933289182716093e-160,4.994464711315932e-246,True
logistic,Race,Prior_Arrest_Episodes_Felony,4,0.7205780468157148,0.11511296936053121,0.006526289306078872,False
logistic,Gender,Prior_Arrest_Episodes_Felony,5,0.7205780468157148,1.9707168356168386e-10,2.3748752068789964e-18,True
logistic,Age,Prior_Arrest_Episodes_Felony,5,0.7205780468157148,1.933289182716093e-160,4.994464711315932e-246,True
logistic,Race,Prior_Arrest_Episodes_Felony,5,0.7205780468157148,0.11511296936053121,0.006526289306078872,False
logistic,Gender,Prior_Arrest_Episodes_Felony,6,0.7205780468157148,1.9707168356168386e-10,2.3748752068789964e-18,True
logistic,Age,Prior_Arrest_Episodes_Felony,6,0.7205780468157148,1.933289182716093e-160,4.994464711315932e-246,True
logistic,Race,Prior_Arrest_Episodes_Felony,6,0.7205780468157148,0.11511296936053121,0.006526289306078872,False
logistic,Gender,Prior_Arrest_Episodes_Felony,7,0.7205780468157148,1.9707168356168386e-10,2.3748752068789964e-18,True
logistic,Age,Prior_Arrest_Episodes_Felony,7,0.7205780468157148,1.933289182716093e-160,4.994464711315932e-246,True
logistic,Race,Prior_Arrest_Episodes_Felony,7,0.7205780468157148,0.11511296936053121,0.006526289306078872,False
logistic,Gender,Prior_Arrest_Episodes_Felony,8,0.7205780468157148,1.9707168356168386e-10,2.3748752068789964e-18,True
logistic,Age,Prior_Arrest_Episodes_Felony,8,0.7205780468157148,1.933289182716093e-160,4.994464711315932e-246,True
logistic,Race,Prior_Arrest_Episodes_Felony,8,0.7205780468157148,0.11511296936053121,0.006526289306078872,False
logistic,Gender,Prior_Arrest_Episodes_Felony,9,0.7205780468157148,1.9707168356168386e-10,2.3748752068789964e-18,True
logistic,Age,Prior_Arrest_Episodes_Felony,9,0.7205780468157148,1.933289182716093e-160,4.994464711315932e-246,True
logistic,Race,Prior_Arrest_Episodes_Felony,9,0.7205780468157148,0.11511296936053121,0.006526289306078872,False
logistic,Gender,Prior_Arrest_Episodes_Felony,10 or more,0.7205780468157148,1.9707168356168386e-10,2.3748752068789964e-18,True
logistic,Age,Prior_Arrest_Episodes_Felony,10 or more,0.7205780468157148,1.933289182716093e-160,4.994464711315932e-246,True
logistic,Race,Prior_Arrest_Episodes_Felony,10 or more,0.7205780468157148,0.11511296936053121,0.006526289306078872,False
logistic,Gender,Prior_Arrest_Episodes_Misd,0,0.7283549526450104,6.219218801413805e-08,2.684784431400501e-14,True
logistic,Age,Prior_Arrest_Episodes_Misd,0,0.7283549526450104,5.1175473889068994e-108,3.081761537651761e-173,True
logistic,Race,Prior_Arrest_Episodes_Misd,0,0.7283549526450104,0.023430697143056036,0.0006537872118395468,False
logistic,Gender,Prior_Arrest_Episodes_Misd,1,0.7283549526450104,6.219218801413805e-08,2.684784431400501e-14,True
logistic,Age,Prior_Arrest_Episodes_Misd,1,0.7283549526450104,5.1175473889068994e-108,3.081761537651761e-173,True
logistic,Race,Prior_Arrest_Episodes_Misd,1,0.7283549526450104,0.023430697143056036,0.0006537872118395468,False
logistic,Gender,Prior_Arrest_Episodes_Misd,2,0.7283549526450104,6.219218801413805e-08,2.684784431400501e-14,True
logistic,Age,Prior_Arrest_Episodes_Misd,2,0.7283549526450104,5.1175473889068994e-108,3.081761537651761e-173,True
logistic,Race,Prior_Arrest_Episodes_Misd,2,0.7283549526450104,0.023430697143056036,0.0006537872118395468,False
logistic,Gender,Prior_Arrest_Episodes_Misd,3,0.7283549526450104,6.219218801413805e-08,2.684784431400501e-14,True
logistic,Age,Prior_Arrest_Episodes_Misd,3,0.7283549526450104,5.1175473889068994e-108,3.081761537651761e-173,True
logistic,Race,Prior_Arrest_Episodes_Misd,3,0.7283549526450104,0.023430697143056036,0.0006537872118395468,False
logistic,Gender,Prior_Arrest_Episodes_Misd,4,0.7283549526450104,6.219218801413805e-08,2.684784431400501e-14,True
logistic,Age,Prior_Arrest_Episodes_Misd,4,0.7283549526450104,5.1175473889068994e-108,3.081761537651761e-173,True
logistic,Race,Prior_Arrest_Episodes_Misd,4,0.7283549526450104,0.023430697143056036,0.0006537872118395468,False
logistic,Gender,Prior_Arrest_Episodes_Misd,5,0.7283549526450104,6.219218801413805e-08,2.684784431400501e-14,True
logistic,Age,Prior_Arrest_Episodes_Misd,5,0.7283549526450104,5.1175473889068994e-108,3.081761537651761e-173,True
logistic,Race,Prior_Arrest_Episodes_Misd,5,0.7283549526450104,0.023430697143056036,0.0006537872118395468,False
logistic,Gender,Prior_Arrest_Episodes_Misd,6 or more,0.7283549526450104,6.219218801413805e-08,2.684784431400501e-14,True
logistic,Age,Prior_Arrest_Episodes_Misd,6 or more,0.7283549526450104,5.1175473889068994e-108,3.081761537651761e-173,True
logistic,Race,Prior_Arrest_Episodes_Misd,6 or more,0.7283549526450104,0.023430697143056036,0.0006537872118395468,False
logistic,Gender,Prior_Arrest_Episodes_Violent,0,0.7298214500937221,6.828703899449769e-05,4.8978195448683e-11,True
logistic,Age,Prior_Arrest_Episodes_Violent,0,0.7298214500937221,4.714129708265451e-74,3.9516306288429166e-124,True
logistic,Race,Prior_Arrest_Episodes_Violent,0,0.7298214500937221,0.7814196215020126,0.1790226480161623,False
logistic,Gender,Prior_Arrest_Episodes_Violent,1,0.7298214500937221,6.828703899449769e-05,4.8978195448683e-11,True
logistic,Age,Prior_Arrest_Episodes_Violent,1,0.7298214500937221,4.714129708265451e-74,3.9516306288429166e-124,True
logistic,Race,Prior_Arrest_Episodes_Violent,1,0.7298214500937221,0.7814196215020126,0.1790226480161623,False
logistic,Gender,Prior_Arrest_Episodes_Violent,2,0.7298214500937221,6.828703899449769e-05,4.8978195448683e-11,True
logistic,Age,Prior_Arrest_Episodes_Violent,2,0.7298214500937221,4.714129708265451e-74,3.9516306288429166e-124,True
logistic,Race,Prior_Arrest_Episodes_Violent,2,0.7298214500937221,0.7814196215020126,0.1790226480161623,False
logistic,Gender,Prior_Arrest_Episodes_Violent,3 or more,0.7298214500937221,6.828703899449769e-05,4.8978195448683e-11,True
logistic,Age,Prior_Arrest_Episodes_Violent,3 or more,0.7298214500937221,4.714129708265451e-74,3.9516306288429166e-124,True
logistic,Race,Prior_Arrest_Episodes_Violent,3 or more,0.7298214500937221,0.7814196215020126,0.1790226480161623,False
logistic,Gender,Prior_Arrest_Episodes_Property,0,0.7265642259177805,2.2284530817772866e-09,9.971832664618968e-17,True
logistic,Age,Prior_Arrest_Episodes_Property,0,0.7265642259177805,2.6595142532870293e-114,3.2019260806157486e-180,True
logistic,Race,Prior_Arrest_Episodes_Property,0,0.7265642259177805,0.017747433126714316,0.00021989203038662054,False
logistic,Gender,Prior_Arrest_Episodes_Property,1,0.7265642259177805,2.2284530817772866e-09,9.971832664618968e-17,True
logistic,Age,Prior_Arrest_Episodes_Property,1,0.7265642259177805,2.6595142532870293e-114,3.2019260806157486e-180,True
logistic,Race,Prior_Arrest_Episodes_Property,1,0.7265642259177805,0.017747433126714316,0.00021989203038662054,False
logistic,Gender,Prior_Arrest_Episodes_Property,2,0.7265642259177805,2.2284530817772866e-09,9.971832664618968e-17,True
logistic,Age,Prior_Arrest_Episodes_Property,2,0.7265642259177805,2.6595142532870293e-114,3.2019260806157486e-180,True
logistic,Race,Prior_Arrest_Episodes_Property,2,0.7265642259177805,0.017747433126714316,0.00021989203038662054,False
logistic,Gender,Prior_Arrest_Episodes_Property,3,0.7265642259177805,2.2284530817772866e-09,9.971832664618968e-17,True
logistic,Age,Prior_Arrest_Episodes_Property,3,0.7265642259177805,2.6595142532870293e-114,3.2019260806157486e-180,True
logistic,Race,Prior_Arrest_Episodes_Property,3,0.7265642259177805,0.017747433126714316,0.00021989203038662054,False
logistic,Gender,Prior_Arrest_Episodes_Property,4,0.7265642259177805,2.2284530817772866e-09,9.971832664618968e-17,True
logistic,Age,Prior_Arrest_Episodes_Property,4,0.7265642259177805,2.6595142532870293e-114,3.2019260806157486e-180,True
logistic,Race,Prior_Arrest_Episodes_Property,4,0.7265642259177805,0.017747433126714316,0.00021989203038662054,False
logistic,Gender,Prior_Arrest_Episodes_Property,5 or more,0.7265642259177805,2.2284530817772866e-09,9.971832664618968e-17,True
logistic,Age,Prior_Arrest_Episodes_Property,5 or more,0.7265642259177805,2.6595142532870293e-114,3.2019260806157486e-180,True
logistic,Race,Prior_Arrest_Episodes_Property,5 or more,0.7265642259177805,0.017747433126714316,0.00021989203038662054,False
logistic,Gender,Prior_Arrest_Episodes_Drug,0,0.7301568527500468,1.2319837490183182e-05,2.4385305882539526e-12,True
logistic,Age,Prior_Arrest_Episodes_Drug,0,0.7301568527500468,8.576389053835245e-73,3.163765508171617e-121,True
logistic,Race,Prior_Arrest_Episodes_Drug,0,0.7301568527500468,0.3947295522554869,0.023739384106540008,False
logistic,Gender,Prior_Arrest_Episodes_Drug,1,0.7301568527500468,1.2319837490183182e-05,2.4385305882539526e-12,True
logistic,Age,Prior_Arrest_Episodes_Drug,1,0.7301568527500468,8.576389053835245e-73,3.163765508171617e-121,True
logistic,Race,Prior_Arrest_Episodes_Drug,1,0.7301568527500468,0.3947295522554869,0.023739384106540008,False
logistic,Gender,Prior_Arrest_Episodes_Drug,2,0.7301568527500468,1.2319837490183182e-05,2.4385305882539526e-12,True
logistic,Age,Prior_Arrest_Episodes_Drug,2,0.7301568527500468,8.576389053835245e-73,3.163765508171617e-121,True
logistic,Race,Prior_Arrest_Episodes_Drug,2,0.7301568527500468,0.3947295522554869,0.023739384106540008,False
logistic,Gender,Prior_Arrest_Episodes_Drug,3,0.7301568527500468,1.2319837490183182e-05,2.4385305882539526e-12,True
logistic,Age,Prior_Arrest_Episodes_Drug,3,0.7301568527500468,8.576389053835245e-73,3.163765508171617e-121,True
logistic,Race,Prior_Arrest_Episodes_Drug,3,0.7301568527500468,0.3947295522554869,0.023739384106540008,False
logistic,Gender,Prior_Arrest_Episodes_Drug,4,0.7301568527500468,1.2319837490183182e-05,2.4385305882539526e-12,True
logistic,Age,Prior_Arrest_Episodes_Drug,4,0.7301568527500468,8.576389053835245e-73,3.163765508171617e-121,True
logistic,Race,Prior_Arrest_Episodes_Drug,4,0.7301568527500468,0.3947295522554869,0.023739384106540008,False
logistic,Gender,Prior_Arrest_Episodes_Drug,5 or more,0.7301568527500468,1.2319837490183182e-05,2.4385305882539526e-12,True
logistic,Age,Prior_Arrest_Episodes_Drug,5 or more,0.7301568527500468,8.576389053835245e-73,3.163765508171617e-121,True
logistic,Race,Prior_Arrest_Episodes_Drug,5 or more,0.7301568527500468,0.3947295522554869,0.023739384106540008,False
logistic,Gender,_v1,0,0.7255624134818177,6.558200362914555e-08,2.684784431400501e-14,True
logistic,Age,_v1,0,0.7255624134818177,7.922255021444981e-119,6.30104596788472e-181,True
logistic,Race,_v1,0,0.7255624134818177,0.02109600886468282,0.0017991710432826388,False
logistic,Gender,_v1,1,0.7255624134818177,6.558200362914555e-08,2.684784431400501e-14,True
logistic,Age,_v1,1,0.7255624134818177,7.922255021444981e-119,6.30104596788472e-181,True
logistic,Race,_v1,1,0.7255624134818177,0.02109600886468282,0.0017991710432826388,False
logistic,Gender,_v1,2,0.7255624134818177,6.558200362914555e-08,2.684784431400501e-14,True
logistic,Age,_v1,2,0.7255624134818177,7.922255021444981e-119,6.30104596788472e-181,True
logistic,Race,_v1,2,0.7255624134818177,0.02109600886468282,0.0017991710432826388,False
logistic,Gender,_v1,3,0.7255624134818177,6.558200362914555e-08,2.684784431400501e-14,True
logistic,Age,_v1,3,0.7255624134818177,7.922255021444981e-119,6.30104596788472e-181,True
logistic,Race,_v1,3,0.7255624134818177,0.02109600886468282,0.0017991710432826388,False
logistic,Gender,_v1,4,0.7255624134818177,6.558200362914555e-08,2.684784431400501e-14,True
logistic,Age,_v1,4,0.7255624134818177,7.922255021444981e-119,6.30104596788472e-181,True
logistic,Race,_v1,4,0.7255624134818177,0.02109600886468282,0.0017991710432826388,False
logistic,Gender,_v1,5 or more,0.7255624134818177,6.558200362914555e-08,2.684784431400501e-14,True
logistic,Age,_v1,5 or more,0.7255624134818177,7.922255021444981e-119,6.30104596788472e-181,True
logistic,Race,_v1,5 or more,0.7255624134818177,0.02109600886468282,0.0017991710432826388,False
logistic,Gender,Prior_Arrest_Episodes_DVCharges,No,0.7299618387205792,1.643355907996169e-05,4.50906344029012e-12,True
logistic,Age,Prior_Arrest_Episodes_DVCharges,No,0.7299618387205792,1.4662896750094536e-77,1.1660792751059318e-127,True
logistic,Race,Prior_Arrest_Episodes_DVCharges,No,0.7299618387205792,0.4716623271574838,0.04216040082538899,False
logistic,Gender,Prior_Arrest_Episodes_DVCharges,Yes,0.7299618387205792,1.643355907996169e-05,4.50906344029012e-12,True
logistic,Age,Prior_Arrest_Episodes_DVCharges,Yes,0.7299618387205792,1.4662896750094536e-77,1.1660792751059318e-127,True
logistic,Race,Prior_Arrest_Episodes_DVCharges,Yes,0.7299618387205792,0.4716623271574838,0.04216040082538899,False
logistic,Gender,Prior_Arrest_Episodes_GunCharges,No,0.7299534502988023,1.5722936766103255e-05,1.5080819793756062e-11,True
logistic,Age,Prior_Arrest_Episodes_GunCharges,No,0.7299534502988023,1.7384879083138258e-72,5.7852657351819386e-123,True
logistic,Race,Prior_Arrest_Episodes_GunCharges,No,0.7299534502988023,0.8333876010081117,0.1790226480161623,False
logistic,Gender,Prior_Arrest_Episodes_GunCharges,Yes,0.7299534502988023,1.5722936766103255e-05,1.5080819793756062e-11,True
logistic,Age,Prior_Arrest_Episodes_GunCharges,Yes,0.7299534502988023,1.7384879083138258e-72,5.7852657351819386e-123,True
logistic,Race,Prior_Arrest_Episodes_GunCharges,Yes,0.7299534502988023,0.8333876010081117,0.1790226480161623,False
logistic,Gender,Prior_Conviction_Episodes_Felony,0,0.7299233861951542,4.301576037837764e-06,6.976338819042745e-13,True
logistic,Age,Prior_Conviction_Episodes_Felony,0,0.7299233861951542,5.038449311956735e-77,1.918278864057181e-129,True
logistic,Race,Prior_Conviction_Episodes_Felony,0,0.7299233861951542,0.6065199259171835,0.07145958897995414,False
logistic,Gender,Prior_Conviction_Episodes_Felony,1,0.7299233861951542,4.301576037837764e-06,6.976338819042745e-13,True
logistic,Age,Prior_Conviction_Episodes_Felony,1,0.7299233861951542,5.038449311956735e-77,1.918278864057181e-129,True
logistic,Race,Prior_Conviction_Episodes_Felony,1,0.7299233861951542,0.6065199259171835,0.07145958897995414,False
logistic,Gender,Prior_Conviction_Episodes_Felony,2,0.7299233861951542,4.301576037837764e-06,6.976338819042745e-13,True
logistic,Age,Prior_Conviction_Episodes_Felony,2,0.7299233861951542,5.038449311956735e-77,1.918278864057181e-129,True
logistic,Race,Prior_Conviction_Episodes_Felony,2,0.7299233861951542,0.6065199259171835,0.07145958897995414,False
logistic,Gender,Prior_Conviction_Episodes_Felony,3 or more,0.7299233861951542,4.301576037837764e-06,6.976338819042745e-13,True
logistic,Age,Prior_Conviction_Episodes_Felony,3 or more,0.7299233861951542,5.038449311956735e-77,1.918278864057181e-129,True
logistic,Race,Prior_Conviction_Episodes_Felony,3 or more,0.7299233861951542,0.6065199259171835,0.07145958897995414,False
logistic,Gender,Prior_Conviction_Episodes_Misd,0,0.7285820439993527,4.6897795747620696e-07,1.93793553563466e-13,True
logistic,Age,Prior_Conviction_Episodes_Misd,0,0.7285820439993527,1.1496701998667723e-107,7.39204267425106e-172,True
logistic,Race,Prior_Conviction_Episodes_Misd,0,0.7285820439993527,0.17585713777551581,0.007750509833330309,False
logistic,Gender,Prior_Conviction_Episodes_Misd,1,0.7285820439993527,4.6897795747620696e-07,1.93793553563466e-13,True
logistic,Age,Prior_Conviction_Episodes_Misd,1,0.7285820439993527,1.1496701998667723e-107,7.39204267425106e-172,True
logistic,Race,Prior_Conviction_Episodes_Misd,1,0.7285820439993527,0.17585713777551581,0.007750509833330309,False
logistic,Gender,Prior_Conviction_Episodes_Misd,2,0.7285820439993527,4.6897795747620696e-07,1.93793553563466e-13,True
logistic,Age,Prior_Conviction_Episodes_Misd,2,0.7285820439993527,1.1496701998667723e-107,7.39204267425106e-172,True
logistic,Race,Prior_Conviction_Episodes_Misd,2,0.7285820439993527,0.17585713777551581,0.007750509833330309,False
logistic,Gender,Prior_Conviction_Episodes_Misd,3,0.7285820439993527,4.6897795747620696e-07,1.93793553563466e-13,True
logistic,Age,Prior_Conviction_Episodes_Misd,3,0.7285820439993527,1.1496701998667723e-107,7.39204267425106e-172,True
logistic,Race,Prior_Conviction_Episodes_Misd,3,0.7285820439993527,0.17585713777551581,0.007750509833330309,False
logistic,Gender,Prior_Conviction_Episodes_Misd,4 or more,0.7285820439993527,4.6897795747620696e-07,1.93793553563466e-13,True
logistic,Age,Prior_Conviction_Episodes_Misd,4 or more,0.7285820439993527,1.1496701998667723e-107,7.39204267425106e-172,True
logistic,Race,Prior_Conviction_Episodes_Misd,4 or more,0.7285820439993527,0.17585713777551581,0.007750509833330309,False
logistic,Gender,Prior_Conviction_Episodes_Viol,No,0.7299227822287863,1.5722936766103255e-05,8.276590450374886e-12,True
logistic,Age,Prior_Conviction_Episodes_Viol,No,0.7299227822287863,3.6123834336784845e-76,1.774102945300546e-126,True
logistic,Race,Prior_Conviction_Episodes_Viol,No,0.7299227822287863,0.73041003522416,0.09143966510899078,False
logistic,Gender,Prior_Conviction_Episodes_Viol,Yes,0.7299227822287863,1.5722936766103255e-05,8.276590450374886e-12,True
logistic,Age,Prior_Conviction_Episodes_Viol,Yes,0.7299227822287863,3.6123834336784845e-76,1.774102945300546e-126,True
logistic,Race,Prior_Conviction_Episodes_Viol,Yes,0.7299227822287863,0.73041003522416,0.09143966510899078,False
logistic,Gender,Prior_Conviction_Episodes_Prop,0,0.7298109142359704,6.384519216245624e-06,1.3091087110953606e-12,True
logistic,Age,Prior_Conviction_Episodes_Prop,0,0.7298109142359704,1.3525543285714752e-76,1.1660792751059318e-127,True
logistic,Race,Prior_Conviction_Episodes_Prop,0,0.7298109142359704,0.4641913272132544,0.05520750603643617,False
logistic,Gender,Prior_Conviction_Episodes_Prop,1,0.7298109142359704,6.384519216245624e-06,1.3091087110953606e-12,True
logistic,Age,Prior_Conviction_Episodes_Prop,1,0.7298109142359704,1.3525543285714752e-76,1.1660792751059318e-127,True
logistic,Race,Prior_Conviction_Episodes_Prop,1,0.7298109142359704,0.4641913272132544,0.05520750603643617,False
logistic,Gender,Prior_Conviction_Episodes_Prop,2,0.7298109142359704,6.384519216245624e-06,1.3091087110953606e-12,True
logistic,Age,Prior_Conviction_Episodes_Prop,2,0.7298109142359704,1.3525543285714752e-76,1.1660792751059318e-127,True
logistic,Race,Prior_Conviction_Episodes_Prop,2,0.7298109142359704,0.4641913272132544,0.05520750603643617,False
logistic,Gender,Prior_Conviction_Episodes_Prop,3 or more,0.7298109142359704,6.384519216245624e-06,1.3091087110953606e-12,True
logistic,Age,Prior_Conviction_Episodes_Prop,3 or more,0.7298109142359704,1.3525543285714752e-76,1.1660792751059318e-127,True
logistic,Race,Prior_Conviction_Episodes_Prop,3 or more,0.7298109142359704,0.4641913272132544,0.05520750603643617,False
logistic,Gender,Prior_Conviction_Episodes_Drug,0,0.7297762197235015,1.7174981767808653e-05,8.276590450374886e-12,True
logistic,Age,Prior_Conviction_Episodes_Drug,0,0.7297762197235015,1.374739502727332e-72,2.2029715533619424e-122,True
logistic,Race,Prior_Conviction_Episodes_Drug,0,0.7297762197235015,0.7214005267782,0.11568222581918175,False
logistic,Gender,Prior_Conviction_Episodes_Drug,1,0.7297762197235015,1.7174981767808653e-05,8.276590450374886e-12,True
logistic,Age,Prior_Conviction_Episodes_Drug,1,0.7297762197235015,1.374739502727332e-72,2.2029715533619424e-122,True
logistic,Race,Prior_Conviction_Episodes_Drug,1,0.7297762197235015,0.7214005267782,0.11568222581918175,False
logistic,Gender,Prior_Conviction_Episodes_Drug,2 or more,0.7297762197235015,1.7174981767808653e-05,8.276590450374886e-12,True
logistic,Age,Prior_Conviction_Episodes_Drug,2 or more,0.7297762197235015,1.374739502727332e-72,2.2029715533619424e-122,True
logistic,Race,Prior_Conviction_Episodes_Drug,2 or more,0.7297762197235015,0.7214005267782,0.11568222581918175,False
logistic,Gender,_v2,No,0.7295980496449618,5.545503350893009e-05,2.72777301935511e-11,True
logistic,Age,_v2,No,0.7295980496449618,8.853386131882621e-58,2.0929931013430983e-102,True
logistic,Race,_v2,No,0.7295980496449618,0.6481985768167848,0.44112122803895415,False
logistic,Gender,_v2,Yes,0.7295980496449618,5.545503350893009e-05,2.72777301935511e-11,True
logistic,Age,_v2,Yes,0.7295980496449618,8.853386131882621e-58,2.0929931013430983e-102,True
logistic,Race,_v2,Yes,0.7295980496449618,0.6481985768167848,0.44112122803895415,False
logistic,Gender,_v3,No,0.7298360123939267,2.5962615392662586e-05,8.276590450374886e-12,True
logistic,Age,_v3,No,0.7298360123939267,5.2458214942682065e-73,2.2029715533619424e-122,True
logistic,Race,_v3,No,0.7298360123939267,0.73041003522416,0.11568222581918175,False
logistic,Gender,_v3,Yes,0.7298360123939267,2.5962615392662586e-05,8.276590450374886e-12,True
logistic,Age,_v3,Yes,0.7298360123939267,5.2458214942682065e-73,2.2029715533619424e-122,True
logistic,Race,_v3,Yes,0.7298360123939267,0.73041003522416,0.11568222581918175,False
logistic,Gender,_v4,No,0.7300551179707374,1.5722936766103255e-05,4.50906344029012e-12,True
logistic,Age,_v4,No,0.7300551179707374,1.4039370397092092e-74,1.5144181319355757e-123,True
logistic,Race,_v4,No,0.7300551179707374,0.41544181225859056,0.04831509651047754,False
logistic,Gender,_v4,Yes,0.7300551179707374,1.5722936766103255e-05,4.50906344029012e-12,True
logistic,Age,_v4,Yes,0.7300551179707374,1.4039370397092092e-74,1.5144181319355757e-123,True
logistic,Race,_v4,Yes,0.7300551179707374,0.41544181225859056,0.04831509651047754,False
logistic,Gender,Prior_Revocations_Parole,No,0.7286780746518537,5.545503350893009e-05,2.72777301935511e-11,True
logistic,Age,Prior_Revocations_Parole,No,0.7286780746518537,8.941580376600526e-78,4.847548831419611e-130,True
logistic,Race,Prior_Revocations_Parole,No,0.7286780746518537,0.6780238576215654,0.1029948162077018,False
logistic,Gender,Prior_Revocations_Parole,Yes,0.7286780746518537,5.545503350893009e-05,2.72777301935511e-11,True
logistic,Age,Prior_Revocations_Parole,Yes,0.7286780746518537,8.941580376600526e-78,4.847548831419611e-130,True
logistic,Race,Prior_Revocations_Parole,Yes,0.7286780746518537,0.6780238576215654,0.1029948162077018,False
logistic,Gender,Prior_Revocations_Probation,No,0.7291531277539188,0.00011793323585198552,2.7131237485802505e-10,True
logistic,Age,Prior_Revocations_Probation,No,0.7291531277539188,4.542491177964066e-72,1.5144181319355757e-123,True
logistic,Race,Prior_Revocations_Probation,No,0.7291531277539188,0.8567224820965234,0.2904952455156701,False
logistic,Gender,Prior_Revocations_Probation,Yes,0.7291531277539188,0.00011793323585198552,2.7131237485802505e-10,True
logistic,Age,Prior_Revocations_Probation,Yes,0.7291531277539188,4.542491177964066e-72,1.5144181319355757e-123,True
logistic,Race,Prior_Revocations_Probation,Yes,0.7291531277539188,0.8567224820965234,0.2904952455156701,False
logistic,Gender,Condition_MH_SA,No,0.7271425237150749,2.1488926569083787e-07,2.684784431400501e-14,True
logistic,Age,Condition_MH_SA,No,0.7271425237150749,3.9410507463074125e-77,7.673633989440113e-132,True
logistic,Race,Condition_MH_SA,No,0.7271425237150749,0.20436127901080356,0.004585578859296358,False
logistic,Gender,Condition_MH_SA,Yes,0.7271425237150749,2.1488926569083787e-07,2.684784431400501e-14,True
logistic,Age,Condition_MH_SA,Yes,0.7271425237150749,3.9410507463074125e-77,7.673633989440113e-132,True
logistic,Race,Condition_MH_SA,Yes,0.7271425237150749,0.20436127901080356,0.004585578859296358,False
logistic,Gender,Condition_Cog_Ed,No,0.7298498365130149,6.683944385320547e-06,1.3091087110953606e-12,True
logistic,Age,Condition_Cog_Ed,No,0.7298498365130149,3.268435760601188e-73,1.5144181319355757e-123,True
logistic,Race,Condition_Cog_Ed,No,0.7298498365130149,0.6629962567575356,0.08095027018331905,False
logistic,Gender,Condition_Cog_Ed,Yes,0.7298498365130149,6.683944385320547e-06,1.3091087110953606e-12,True
logistic,Age,Condition_Cog_Ed,Yes,0.7298498365130149,3.268435760601188e-73,1.5144181319355757e-123,True
logistic,Race,Condition_Cog_Ed,Yes,0.7298498365130149,0.6629962567575356,0.08095027018331905,False
logistic,Gender,Condition_Other,No,0.7296234162324148,7.417541302067059e-05,2.72777301935511e-11,True
logistic,Age,Condition_Other,No,0.7296234162324148,1.4944023479873387e-71,1.6809630743536567e-119,True
logistic,Race,Condition_Other,No,0.7296234162324148,0.48875061981053414,0.05520750603643617,False
logistic,Gender,Condition_Other,Yes,0.7296234162324148,7.417541302067059e-05,2.72777301935511e-11,True
logistic,Age,Condition_Other,Yes,0.7296234162324148,1.4944023479873387e-71,1.6809630743536567e-119,True
logistic,Race,Condition_Other,Yes,0.7296234162324148,0.48875061981053414,0.05520750603643617,False
xgboost,Gender,Age_at_Release,18-22,0.701540557146895,0.0003494952980703738,2.4385305882539526e-12,True
xgboost,Age,Age_at_Release,18-22,0.701540557146895,9.70647264160479e-06,0.05539179900142889,True
xgboost,Race,Age_at_Release,18-22,0.701540557146895,0.02645229674119548,0.5444983151862879,False
xgboost,Gender,Age_at_Release,23-27,0.6991136189584237,0.0024308114286823433,4.730696142990188e-10,True
xgboost,Age,Age_at_Release,23-27,0.6991136189584237,1.106512150065766e-11,2.7014409857197243e-06,True
xgboost,Race,Age_at_Release,23-27,0.6991136189584237,0.004864675701823087,0.23820155862571307,False
xgboost,Gender,Age_at_Release,28-32,0.6963667463633844,0.05372868350730056,3.3508100526551164e-07,True
xgboost,Age,Age_at_Release,28-32,0.6963667463633844,3.161975926526757e-25,4.769470866235897e-18,True
xgboost,Race,Age_at_Release,28-32,0.6963667463633844,0.0003035143264045814,0.03598963012274545,False
xgboost,Gender,Age_at_Release,33-37,0.6959487009757143,0.14645311992097207,6.902408520005378e-06,True
xgboost,Age,Age_at_Release,33-37,0.6959487009757143,3.244466075311904e-30,1.2617684106445645e-23,True
xgboost,Race,Age_at_Release,33-37,0.6959487009757143,5.802101101987327e-06,0.003732800695054671,False
xgboost,Gender,Age_at_Release,38-42,0.6954455298838531,0.7525809572234725,0.0003932618752734112,True
xgboost,Age,Age_at_Release,38-42,0.6954455298838531,4.4841910123767043e-38,1.0218292083430749e-29,True
xgboost,Race,Age_at_Release,38-42,0.6954455298838531,4.19309883626352e-06,0.0025732241984175097,False
xgboost,Gender,Age_at_Release,43-47,0.6980109105853293,0.18327953395315294,6.902408520005378e-06,True
xgboost,Age,Age_at_Release,43-47,0.6980109105853293,1.596963007756764e-30,3.945747807429289e-23,True
xgboost,Race,Age_at_Release,43-47,0.6980109105853293,1.196769835622452e-05,0.008970750527418067,False
xgboost,Gender,Age_at_Release,48 or older,0.7002017985850008,0.09066452172161749,3.0151220512005043e-06,True
xgboost,Age,Age_at_Release,48 or older,0.7002017985850008,4.4751999019206175e-25,1.2806156145520666e-17,True
xgboost,Race,Age_at_Release,48 or older,0.7002017985850008,1.559805921796025e-05,0.005349346861565797,False
xgboost,Gender,Gang_Affiliated,No,0.7166984017439328,0.47930403062804117,0.03816108388006971,True
xgboost,Age,Gang_Affiliated,No,0.7166984017439328,1.48663781907299e-25,4.74032192529916e-54,True
xgboost,Race,Gang_Affiliated,No,0.7166984017439328,0.03856133889112953,0.21614618048075362,False
xgboost,Gender,Gang_Affiliated,Yes,0.7175381834248544,0.9743643742601303,0.009529402104433355,True
xgboost,Age,Gang_Affiliated,Yes,0.7175381834248544,2.9184501495818155e-47,1.3589633279680349e-89,True
xgboost,Race,Gang_Affiliated,Yes,0.7175381834248544,0.20770953380550544,0.4034855400937585,False
xgboost,Gender,Supervision_Risk_Score_First,1.0,0.7320025404167582,2.8307435047162102e-05,2.72777301935511e-11,True
xgboost,Age,Supervision_Risk_Score_First,1.0,0.7320025404167582,1.9114466589966412e-46,1.1208890402158499e-85,True
xgboost,Race,Supervision_Risk_Score_First,1.0,0.7320025404167582,0.44758982409262726,0.0366824991183629,False
xgboost,Gender,Supervision_Risk_Score_First,2.0,0.7306854575367352,0.00022806630008363635,1.5446562962092505e-10,True
xgboost,Age,Supervision_Risk_Score_First,2.0,0.7306854575367352,2.8912885443159254e-40,2.825119119714745e-76,True
xgboost,Race,Supervision_Risk_Score_First,2.0,0.7306854575367352,0.49326451036674224,0.5885671610417404,False
xgboost,Gender,Supervision_Risk_Score_First,3.0,0.7306679760657523,0.00047996306933153734,4.730696142990188e-10,True
xgboost,Age,Supervision_Risk_Score_First,3.0,0.7306679760657523,2.304215820660218e-40,2.825119119714745e-76,True
xgboost,Race,Supervision_Risk_Score_First,3.0,0.7306679760657523,0.42203964963276275,0.7122225260305066,False
xgboost,Gender,Supervision_Risk_Score_First,4.0,0.73026979446085,3.142688620759232e-05,8.276590450374886e-12,True
xgboost,Age,Supervision_Risk_Score_First,4.0,0.73026979446085,1.2829007074772253e-36,3.730545406399688e-69,True
xgboost,Race,Supervision_Risk_Score_First,4.0,0.73026979446085,0.42203964963276275,0.6699477402762903,False
xgboost,Gender,Supervision_Risk_Score_First,5.0,0.7307017646286693,2.2248142360273747e-06,1.3091087110953606e-12,True
xgboost,Age,Supervision_Risk_Score_First,5.0,0.7307017646286693,9.354418982414948e-48,1.1208890402158499e-85,True
xgboost,Race,Supervision_Risk_Score_First,5.0,0.7307017646286693,0.766721989740156,0.12956711552091235,False
xgboost,Gender,Supervision_Risk_Score_First,6.0,0.7308914100681999,1.214085235106127e-06,6.976338819042745e-13,True
xgboost,Age,Supervision_Risk_Score_First,6.0,0.7308914100681999,6.536647240650473e-51,4.339143993064081e-90,True
xgboost,Race,Supervision_Risk_Score_First,6.0,0.7308914100681999,0.5995220691417196,0.11568222581918175,False
xgboost,Gender,Supervision_Risk_Score_First,7.0,0.731492121728482,1.3378404129111595e-06,3.690477043176436e-13,True
xgboost,Age,Supervision_Risk_Score_First,7.0,0.731492121728482,1.2805573239445365e-53,1.2352421123198362e-95,True
xgboost,Race,Supervision_Risk_Score_First,7.0,0.731492121728482,0.4604187524907213,0.04216040082538899,False
xgboost,Gender,Supervision_Risk_Score_First,8.0,0.7318804385493747,8.364109840773884e-07,1.93793553563466e-13,True
xgboost,Age,Supervision_Risk_Score_First,8.0,0.7318804385493747,8.853386131882621e-58,7.078820435279117e-102,True
xgboost,Race,Supervision_Risk_Score_First,8.0,0.7318804385493747,0.22263330244509003,0.014959345230648085,False
xgboost,Gender,Supervision_Risk_Score_First,9.0,0.7320621317650609,4.6897795747620696e-07,1.010175521916472e-13,True
xgboost,Age,Supervision_Risk_Score_First,9.0,0.7320621317650609,1.8471893291712954e-63,2.5574418464502606e-108,True
xgboost,Race,Supervision_Risk_Score_First,9.0,0.7320621317650609,0.10485622345218497,0.005478840051882621,False
xgboost,Gender,Supervision_Risk_Score_First,10.0,0.7319534849262075,4.1056646751418036e-08,3.4806154100447637e-15,True
xgboost,Age,Supervision_Risk_Score_First,10.0,0.7319534849262075,6.716671376637878e-68,1.183888785005172e-116,True
xgboost,Race,Supervision_Risk_Score_First,10.0,0.7319534849262075,0.06832584825222761,0.0021826909778385134,False
xgboost,Gender,Supervision_Level_First,High,0.73193083618741,1.214085235106127e-06,6.976338819042745e-13,True
xgboost,Age,Supervision_Level_First,High,0.73193083618741,6.940494763934072e-61,3.129057739347959e-107,True
xgboost,Race,Supervision_Level_First,High,0.73193083618741,0.1628009507204893,0.012748859471453848,False
xgboost,Gender,Supervision_Level_First,Specialized,0.7320748821661616,1.3378404129111595e-06,6.976338819042745e-13,True
xgboost,Age,Supervision_Level_First,Specialized,0.7320748821661616,6.92073748419254e-63,4.617777965957698e-111,True
xgboost,Race,Supervision_Level_First,Specialized,0.7320748821661616,0.1075763266666283,0.006526289306078872,False
xgboost,Gender,Supervision_Level_First,Standard,0.7319775093661762,5.697642491028159e-06,1.3091087110953606e-12,True
xgboost,Age,Supervision_Level_First,Standard,0.7319775093661762,5.4434341045277865e-58,6.168552488806752e-103,True
xgboost,Race,Supervision_Level_First,Standard,0.7319775093661762,0.26463619737811606,0.031822971816528656,False
xgboost,Gender,Education_Level,At least some college,0.7318607089813557,1.2040573788759883e-05,4.50906344029012e-12,True
xgboost,Age,Education_Level,At least some college,0.7318607089813557,1.1225254563844843e-51,1.0799806832485018e-97,True
xgboost,Race,Education_Level,At least some college,0.7318607089813557,0.29564488389014526,0.023739384106540008,False
xgboost,Gender,Education_Level,High School Diploma,0.7315656378569341,3.334357248363821e-06,6.976338819042745e-13,True
xgboost,Age,Education_Level,High School Diploma,0.7315656378569341,1.2868072505922257e-66,6.279027639624527e-119,True
xgboost,Race,Education_Level,High School Diploma,0.7315656378569341,0.11317477852220309,0.007750509833330309,False
xgboost,Gender,Education_Level,Less than HS diploma,0.7318736942582662,6.538688293353351e-06,2.4385305882539526e-12,True
xgboost,Age,Education_Level,Less than HS diploma,0.7318736942582662,6.944111906973714e-58,1.089256405352355e-106,True
xgboost,Race,Education_Level,Less than HS diploma,0.7318736942582662,0.1017566689431317,0.003826309137221828,False
xgboost,Gender,Dependents,0,0.7319156028134632,4.020436326393264e-06,1.3091087110953606e-12,True
xgboost,Age,Dependents,0,0.7319156028134632,2.7055679624122034e-52,1.2352421123198362e-95,True
xgboost,Race,Dependents,0,0.7319156028134632,0.6868395962729321,0.08095027018331905,False
xgboost,Gender,Dependents,1,0.7318719159128495,3.13309223017146e-07,5.2270169474803826e-14,True
xgboost,Age,Dependents,1,0.7318719159128495,1.6046939754094167e-68,4.48571926177152e-120,True
xgboost,Race,Dependents,1,0.7318719159128495,0.065886827652749,0.0017991710432826388,False
xgboost,Gender,Dependents,2,0.7318498375867328,5.915619693490696e-07,1.010175521916472e-13,True
xgboost,Age,Dependents,2,0.7318498375867328,2.2892955854949883e-71,3.9516306288429166e-124,True
xgboost,Race,Dependents,2,0.7318498375867328,0.06997775135178942,0.0021826909778385134,False
xgboost,Gender,Dependents,3 or more,0.7318690302957583,5.628375500739348e-07,1.010175521916472e-13,True
xgboost,Age,Dependents,3 or more,0.7318690302957583,1.504879562457189e-70,1.5144181319355757e-123,True
xgboost,Race,Dependents,3 or more,0.7318690302957583,0.08812485908254793,0.003183050188479175,False
xgboost,Gender,Prison_Offense,Drug,0.7308135990677981,4.020436326393264e-06,1.3091087110953606e-12,True
xgboost,Age,Prison_Offense,Drug,0.7308135990677981,2.1651781997466533e-72,4.555640595441038e-127,True
xgboost,Race,Prison_Offense,Drug,0.7308135990677981,0.20260203928900808,0.023739384106540008,False
xgboost,Gender,Prison_Offense,Other,0.7312360735421661,5.354682692082614e-07,1.93793553563466e-13,True
xgboost,Age,Prison_Offense,Other,0.7312360735421661,3.142059372094431e-66,1.5946644574391024e-115,True
xgboost,Race,Prison_Offense,Other,0.7312360735421661,0.23116115180131,0.017500757299756583,False
xgboost,Gender,Prison_Offense,Property,0.7313728383708156,6.217063124894724e-07,3.690477043176436e-13,True
xgboost,Age,Prison_Offense,Property,0.7313728383708156,2.8435518864889532e-61,3.129057739347959e-107,True
xgboost,Race,Prison_Offense,Property,0.7313728383708156,0.1470021065859364,0.007750509833330309,False
xgboost,Gender,Prison_Offense,Violent/Non-Sex,0.7311405797486588,3.467048127005642e-07,1.010175521916472e-13,True
xgboost,Age,Prison_Offense,Violent/Non-Sex,0.7311405797486588,1.253737143680358e-65,1.5946644574391024e-115,True
xgboost,Race,Prison_Offense,Violent/Non-Sex,0.7311405797486588,0.2370309594599229,0.014959345230648085,False
xgboost,Gender,Prison_Offense,Violent/Sex,0.7302637212434836,1.927988454413937e-06,1.3091087110953606e-12,True
xgboost,Age,Prison_Offense,Violent/Sex,0.7302637212434836,2.8435518864889532e-61,3.129057739347959e-107,True
xgboost,Race,Prison_Offense,Violent/Sex,0.7302637212434836,0.39658377178690996,0.05520750603643617,False
xgboost,Gender,Prison_Years,1-2 years,0.72594203989775,2.8104804758308e-09,2.2864277113600614e-17,True
xgboost,Age,Prison_Years,1-2 years,0.72594203989775,3.9240491489670085e-57,2.6865303431552544e-100,True
xgboost,Race,Prison_Years,1-2 years,0.72594203989775,0.5122998979379441,0.08095027018331905,False
xgboost,Gender,Prison_Years,Greater than 2 to 3 years,0.7260235082500464,1.878109604605587e-09,5.089706964730039e-18,True
xgboost,Age,Prison_Years,Greater than 2 to 3 years,0.7260235082500464,5.4171255181128346e-58,2.9857637589013043e-99,True
xgboost,Race,Prison_Years,Greater than 2 to 3 years,0.7260235082500464,0.3257642435201225,0.009176637689596425,False
xgboost,Gender,Prison_Years,Less than 1 year,0.7254791332304175,7.84235691478115e-07,1.3688703083050362e-14,True
xgboost,Age,Prison_Years,Less than 1 year,0.7254791332304175,4.9743611485116046e-48,1.1990005457245279e-86,True
xgboost,Race,Prison_Years,Less than 1 year,0.7254791332304175,0.49470174781625575,0.11568222581918175,False
xgboost,Gender,Prison_Years,More than 3 years,0.7258379899140301,8.804672263117979e-10,1.099954505963733e-18,True
xgboost,Age,Prison_Years,More than 3 years,0.7258379899140301,8.538001147131752e-57,9.906044474166131e-99,True
xgboost,Race,Prison_Years,More than 3 years,0.7258379899140301,0.17814462441418347,0.005478840051882621,False
xgboost,Gender,Prior_Arrest_Episodes_Felony,0,0.7211664107191413,7.412950329846716e-12,1.784253278295642e-21,True
xgboost,Age,Prior_Arrest_Episodes_Felony,0,0.7211664107191413,2.6509378203400223e-110,6.30104596788472e-181,True
xgboost,Race,Prior_Arrest_Episodes_Felony,0,0.7211664107191413,0.0009760316741687814,9.618888898533858e-07,False
xgboost,Gender,Prior_Arrest_Episodes_Felony,1,0.7272970719978912,5.183548795641859e-07,6.928057978006213e-15,True
xgboost,Age,Prior_Arrest_Episodes_Felony,1,0.7272970719978912,1.3348622858279834e-113,1.621874439676292e-179,True
xgboost,Race,Prior_Arrest_Episodes_Felony,1,0.7272970719978912,0.04887778107004781,0.003826309137221828,False
xgboost,Gender,Prior_Arrest_Episodes_Felony,2,0.7250477670289659,7.379414457793894e-10,2.2864277113600614e-17,True
xgboost,Age,Prior_Arrest_Episodes_Felony,2,0.7250477670289659,1.328031594315216e-155,1.1693517830220997e-238,True
xgboost,Race,Prior_Arrest_Episodes_Felony,2,0.7250477670289659,0.006814619832495952,0.00021989203038662054,False
xgboost,Gender,Prior_Arrest_Episodes_Felony,3,0.7239369051099044,3.4015938605602007e-10,5.089706964730039e-18,True
xgboost,Age,Prior_Arrest_Episodes_Felony,3,0.7239369051099044,8.174463813411845e-167,2.386998298723044e-254,True
xgboost,Race,Prior_Arrest_Episodes_Felony,3,0.7239369051099044,0.0026854089740824755,5.366230584834076e-05,False
xgboost,Gender,Prior_Arrest_Episodes_Felony,4,0.7238952985378913,1.4053072921787541e-09,2.2864277113600614e-17,True
xgboost,Age,Prior_Arrest_Episodes_Felony,4,0.7238952985378913,1.181325927748967e-163,5.28232669225873e-251,True
xgboost,Race,Prior_Arrest_Episodes_Felony,4,0.7238952985378913,0.0051100621669481795,8.695280937475197e-05,False
xgboost,Gender,Prior_Arrest_Episodes_Felony,5,0.7238722471548487,1.4894353649808476e-09,2.2864277113600614e-17,True
xgboost,Age,Prior_Arrest_Episodes_Felony,5,0.7238722471548487,2.302267499410551e-163,3.594061669410809e-250,True
xgboost,Race,Prior_Arrest_Episodes_Felony,5,0.7238722471548487,0.005554369260735907,0.00011016676200521961,False
xgboost,Gender,Prior_Arrest_Episodes_Felony,6,0.7237958454093053,1.4053072921787541e-09,2.2864277113600614e-17,True
xgboost,Age,Prior_Arrest_Episodes_Felony,6,0.7237958454093053,1.181325927748967e-163,3.594061669410809e-250,True
xgboost,Race,Prior_Arrest_Episodes_Felony,6,0.7237958454093053,0.006279698807688454,0.00011016676200521961,False
xgboost,Gender,Prior_Arrest_Episodes_Felony,7,0.723760110732536,6.956616535934467e-10,1.0827580450287231e-17,True
xgboost,Age,Prior_Arrest_Episodes_Felony,7,0.723760110732536,7.204098836077918e-163,1.647883346945464e-248,True
xgboost,Race,Prior_Arrest_Episodes_Felony,7,0.723760110732536,0.0033416925689281167,5.366230584834076e-05,False
xgboost,Gender,Prior_Arrest_Episodes_Felony,8,0.7246962586028298,1.2024910179558477e-08,8.5926502184588745e-16,True
xgboost,Age,Prior_Arrest_Episodes_Felony,8,0.7246962586028298,1.602352152274097e-145,7.772748982435495e-226,True
xgboost,Race,Prior_Arrest_Episodes_Felony,8,0.7246962586028298,0.00901501556339982,0.00013914239684256294,False
xgboost,Gender,Prior_Arrest_Episodes_Felony,9,0.7260055905811311,1.9595620681076327e-08,8.5926502184588745e-16,True
xgboost,Age,Prior_Arrest_Episodes_Felony,9,0.7260055905811311,7.040579256324096e-132,9.371390452368254e-203,True
xgboost,Race,Prior_Arrest_Episodes_Felony,9,0.7260055905811311,0.022049752868149048,0.0009892527915453708,False
xgboost,Gender,Prior_Arrest_Episodes_Felony,10 or more,0.7259276118122937,2.843753834900563e-08,9.971832664618968e-17,True
xgboost,Age,Prior_Arrest_Episodes_Felony,10 or more,0.7259276118122937,1.8302984233787375e-115,1.621874439676292e-179,True
xgboost,Race,Prior_Arrest_Episodes_Felony,10 or more,0.7259276118122937,0.13742172609088918,0.004585578859296358,False
xgboost,Gender,Prior_Arrest_Episodes_Misd,0,0.7312837197778584,8.549869323501111e-09,1.7357808654987838e-15,True
xgboost,Age,Prior_Arrest_Episodes_Misd,0,0.7312837197778584,1.742402797145524e-80,1.7634851568370108e-135,True
xgboost,Race,Prior_Arrest_Episodes_Misd,0,0.7312837197778584,0.008584612188057656,0.00013914239684256294,False
xgboost,Gender,Prior_Arrest_Episodes_Misd,1,0.7307194138680878,1.7231156677802422e-07,2.684784431400501e-14,True
xgboost,Age,Prior_Arrest_Episodes_Misd,1,0.7307194138680878,2.953707189586257e-94,2.0017719408361067e-154,True
xgboost,Race,Prior_Arrest_Episodes_Misd,1,0.7307194138680878,0.008239100614379049,0.00011016676200521961,False
xgboost,Gender,Prior_Arrest_Episodes_Misd,2,0.730569697316215,8.62356541925312e-07,1.93793553563466e-13,True
xgboost,Age,Prior_Arrest_Episodes_Misd,2,0.730569697316215,1.3468963026663952e-92,7.93982082374096e-152,True
xgboost,Race,Prior_Arrest_Episodes_Misd,2,0.730569697316215,0.011658559627611849,0.00013914239684256294,False
xgboost,Gender,Prior_Arrest_Episodes_Misd,3,0.7304856117763241,8.209833931593589e-07,1.93793553563466e-13,True
xgboost,Age,Prior_Arrest_Episodes_Misd,3,0.7304856117763241,3.430057430080538e-95,9.859659692746225e-156,True
xgboost,Race,Prior_Arrest_Episodes_Misd,3,0.7304856117763241,0.008893598185398399,0.00011016676200521961,False
xgboost,Gender,Prior_Arrest_Episodes_Misd,4,0.730543391225523,4.73703621508958e-06,1.3091087110953606e-12,True
xgboost,Age,Prior_Arrest_Episodes_Misd,4,0.730543391225523,1.0076662802637778e-94,9.859659692746225e-156,True
xgboost,Race,Prior_Arrest_Episodes_Misd,4,0.730543391225523,0.008560946659467465,0.00011016676200521961,False
xgboost,Gender,Prior_Arrest_Episodes_Misd,5,0.7304870881385569,2.634504769482199e-06,1.3091087110953606e-12,True
xgboost,Age,Prior_Arrest_Episodes_Misd,5,0.7304870881385569,2.395245945852213e-97,5.104488501084468e-161,True
xgboost,Race,Prior_Arrest_Episodes_Misd,5,0.7304870881385569,0.009620531027654077,0.00021989203038662054,False
xgboost,Gender,Prior_Arrest_Episodes_Misd,6 or more,0.7304490382573772,7.670917897886242e-06,8.276590450374886e-12,True
xgboost,Age,Prior_Arrest_Episodes_Misd,6 or more,0.7304490382573772,5.880708352903599e-95,4.794456891475662e-157,True
xgboost,Race,Prior_Arrest_Episodes_Misd,6 or more,0.7304490382573772,0.009620531027654077,0.00013914239684256294,False
xgboost,Gender,Prior_Arrest_Episodes_Violent,0,0.7318991615067806,2.121272938116691e-06,2.4385305882539526e-12,True
xgboost,Age,Prior_Arrest_Episodes_Violent,0,0.7318991615067806,9.173301839106598e-64,7.696063738754521e-114,True
xgboost,Race,Prior_Arrest_Episodes_Violent,0,0.7318991615067806,0.6468685515048096,0.12956711552091235,False
xgboost,Gender,Prior_Arrest_Episodes_Violent,1,0.7319937493507361,5.697642491028159e-06,4.50906344029012e-12,True
xgboost,Age,Prior_Arrest_Episodes_Violent,1,0.7319937493507361,4.095759758827859e-67,1.6809630743536567e-119,True
xgboost,Race,Prior_Arrest_Episodes_Violent,1,0.7319937493507361,0.6555282666967548,0.09143966510899078,False
xgboost,Gender,Prior_Arrest_Episodes_Violent,2,0.7318918132493042,6.538688293353351e-06,4.50906344029012e-12,True
xgboost,Age,Prior_Arrest_Episodes_Violent,2,0.7318918132493042,1.3388068057597126e-72,1.1660792751059318e-127,True
xgboost,Race,Prior_Arrest_Episodes_Violent,2,0.7318918132493042,0.766721989740156,0.1029948162077018,False
xgboost,Gender,Prior_Arrest_Episodes_Violent,3 or more,0.731807023081984,1.3763854315636827e-05,4.50906344029012e-12,True
xgboost,Age,Prior_Arrest_Episodes_Violent,3 or more,0.731807023081984,1.3582734947794279e-72,1.774102945300546e-126,True
xgboost,Race,Prior_Arrest_Episodes_Violent,3 or more,0.731807023081984,0.4457580822302717,0.04831509651047754,False
xgboost,Gender,Prior_Arrest_Episodes_Property,0,0.728646299310163,4.5852129285568875e-10,5.089706964730039e-18,True
xgboost,Age,Prior_Arrest_Episodes_Property,0,0.728646299310163,2.5240274976842435e-121,4.600708885845174e-188,True
xgboost,Race,Prior_Arrest_Episodes_Property,0,0.728646299310163,0.0033470924245968432,3.013588414132972e-06,False
xgboost,Gender,Prior_Arrest_Episodes_Property,1,0.7280498825218307,9.628356210293152e-09,2.0595297200322666e-16,True
xgboost,Age,Prior_Arrest_Episodes_Property,1,0.7280498825218307,2.434454478136855e-129,2.739116870353569e-198,True
xgboost,Race,Prior_Arrest_Episodes_Property,1,0.7280498825218307,0.0008866179619912034,1.2858260142298836e-06,False
xgboost,Gender,Prior_Arrest_Episodes_Property,2,0.7281741318251891,1.2024910179558477e-08,8.5926502184588745e-16,True
xgboost,Age,Prior_Arrest_Episodes_Property,2,0.7281741318251891,4.227772038017876e-122,2.414076472184137e-187,True
xgboost,Race,Prior_Arrest_Episodes_Property,2,0.7281741318251891,0.001023997636674057,1.71340683617053e-06,False
xgboost,Gender,Prior_Arrest_Episodes_Property,3,0.7282155706287665,1.2709759895824605e-08,8.5926502184588745e-16,True
xgboost,Age,Prior_Arrest_Episodes_Property,3,0.7282155706287665,8.25554706563287e-118,3.2019260806157486e-180,True
xgboost,Race,Prior_Arrest_Episodes_Property,3,0.7282155706287665,0.0034928112982891705,1.1697178786797341e-05,False
xgboost,Gender,Prior_Arrest_Episodes_Property,4,0.7289907279083196,7.745153269088388e-09,9.971832664618968e-17,True
xgboost,Age,Prior_Arrest_Episodes_Property,4,0.7289907279083196,1.6870605436712938e-88,2.7885762172066347e-142,True
xgboost,Race,Prior_Arrest_Episodes_Property,4,0.7289907279083196,0.010158024965974516,2.5411200402942245e-05,False
xgboost,Gender,Prior_Arrest_Episodes_Property,5 or more,0.729283248952521,2.36047686720459e-09,1.0827580450287231e-17,True
xgboost,Age,Prior_Arrest_Episodes_Property,5 or more,0.729283248952521,2.1504464475461412e-89,2.7885762172066347e-142,True
xgboost,Race,Prior_Arrest_Episodes_Property,5 or more,0.729283248952521,0.004895219158074754,1.9682437730364727e-05,False
xgboost,Gender,Prior_Arrest_Episodes_Drug,0,0.7324185725832018,6.865289343669007e-07,5.2270169474803826e-14,True
xgboost,Age,Prior_Arrest_Episodes_Drug,0,0.7324185725832018,3.078533734573943e-56,8.019972087611298e-101,True
xgboost,Race,Prior_Arrest_Episodes_Drug,0,0.7324185725832018,0.1628009507204893,0.004585578859296358,False
xgboost,Gender,Prior_Arrest_Episodes_Drug,1,0.7324486702405368,6.533383431958353e-07,5.2270169474803826e-14,True
xgboost,Age,Prior_Arrest_Episodes_Drug,1,0.7324486702405368,9.957932023605885e-59,1.549105207514623e-104,True
xgboost,Race,Prior_Arrest_Episodes_Drug,1,0.7324486702405368,0.11950010353633866,0.002639865234235759,False
xgboost,Gender,Prior_Arrest_Episodes_Drug,2,0.7323599207381382,4.4603301783380517e-07,5.2270169474803826e-14,True
xgboost,Age,Prior_Arrest_Episodes_Drug,2,0.7323599207381382,1.2436925494528247e-64,1.5946644574391024e-115,True
xgboost,Race,Prior_Arrest_Episodes_Drug,2,0.7323599207381382,0.09915273994048433,0.0021826909778385134,False
xgboost,Gender,Prior_Arrest_Episodes_Drug,3,0.7322928804712978,1.0397888526996722e-07,1.3688703083050362e-14,True
xgboost,Age,Prior_Arrest_Episodes_Drug,3,0.7322928804712978,1.253737143680358e-65,8.677313742462562e-118,True
xgboost,Race,Prior_Arrest_Episodes_Drug,3,0.7322928804712978,0.0987337371837081,0.0017991710432826388,False
xgboost,Gender,Prior_Arrest_Episodes_Drug,4,0.7323042887249143,1.0397888526996722e-07,1.3688703083050362e-14,True
xgboost,Age,Prior_Arrest_Episodes_Drug,4,0.7323042887249143,1.253737143680358e-65,8.677313742462562e-118,True
xgboost,Race,Prior_Arrest_Episodes_Drug,4,0.7323042887249143,0.0987337371837081,0.0017991710432826388,False
xgboost,Gender,Prior_Arrest_Episodes_Drug,5 or more,0.7321117576682925,6.217063124894724e-07,1.010175521916472e-13,True
xgboost,Age,Prior_Arrest_Episodes_Drug,5 or more,0.7321117576682925,3.8868880106651476e-70,1.027814942532725e-124,True
xgboost,Race,Prior_Arrest_Episodes_Drug,5 or more,0.7321117576682925,0.04706375980626717,0.0012112458062786462,False
xgboost,Gender,_v1,0,0.7261962090775878,1.0397888526996722e-07,3.4806154100447637e-15,True
xgboost,Age,_v1,0,0.7261962090775878,4.272434093391752e-163,7.459240999522488e-247,True
xgboost,Race,_v1,0,0.7261962090775878,0.009648172749938814,0.00011016676200521961,False
xgboost,Gender,_v1,1,0.7281993306442066,9.867082257649925e-08,3.4806154100447637e-15,True
xgboost,Age,_v1,1,0.7281993306442066,6.678035432966546e-124,3.8400972010279107e-193,True
xgboost,Race,_v1,1,0.7281993306442066,0.018902114721326264,0.00017519104354189795,False
xgboost,Gender,_v1,2,0.7286999852095347,1.6696372371937996e-06,1.93793553563466e-13,True
xgboost,Age,_v1,2,0.7286999852095347,7.783183184804566e-105,2.1523904330483362e-166,True
xgboost,Race,_v1,2,0.7286999852095347,0.027750738254188504,0.0008054576425602771,False
xgboost,Gender,_v1,3,0.7286993141357925,4.845501230138152e-07,1.3688703083050362e-14,True
xgboost,Age,_v1,3,0.7286993141357925,2.2351901570231874e-100,2.3580322000782645e-162,True
xgboost,Race,_v1,3,0.7286993141357925,0.02867010322620064,0.0008054576425602771,False
xgboost,Gender,_v1,4,0.7287742730727902,8.209833931593589e-07,2.684784431400501e-14,True
xgboost,Age,_v1,4,0.7287742730727902,2.202007419001655e-96,9.859659692746225e-156,True
xgboost,Race,_v1,4,0.7287742730727902,0.03169990232078282,0.0009892527915453708,False
xgboost,Gender,_v1,5 or more,0.7284104168897987,1.5354156854398826e-05,1.3091087110953606e-12,True
xgboost,Age,_v1,5 or more,0.7284104168897987,7.627407350256945e-93,2.991770493249601e-149,True
xgboost,Race,_v1,5 or more,0.7284104168897987,0.10711887711351621,0.006526289306078872,False
xgboost,Gender,Prior_Arrest_Episodes_DVCharges,No,0.7325345676795316,1.214085235106127e-06,1.93793553563466e-13,True
xgboost,Age,Prior_Arrest_Episodes_DVCharges,No,0.7325345676795316,2.5731289248765845e-62,4.617777965957698e-111,True
xgboost,Race,Prior_Arrest_Episodes_DVCharges,No,0.7325345676795316,0.2593924253830769,0.010832519779527951,False
xgboost,Gender,Prior_Arrest_Episodes_DVCharges,Yes,0.7323511967794902,1.2745090935765102e-06,6.976338819042745e-13,True
xgboost,Age,Prior_Arrest_Episodes_DVCharges,Yes,0.7323511967794902,1.6625421802269594e-67,6.279027639624527e-119,True
xgboost,Race,Prior_Arrest_Episodes_DVCharges,Yes,0.7323511967794902,0.24301234615809106,0.014959345230648085,False
xgboost,Gender,Prior_Arrest_Episodes_GunCharges,No,0.7324432345432257,1.8378477538474354e-06,6.976338819042745e-13,True
xgboost,Age,Prior_Arrest_Episodes_GunCharges,No,0.7324432345432257,5.431118402884424e-61,2.5574418464502606e-108,True
xgboost,Race,Prior_Arrest_Episodes_GunCharges,No,0.7324432345432257,0.281981794145837,0.020413047139298538,False
xgboost,Gender,Prior_Arrest_Episodes_GunCharges,Yes,0.7321988630400231,9.619701938116909e-06,4.50906344029012e-12,True
xgboost,Age,Prior_Arrest_Episodes_GunCharges,Yes,0.7321988630400231,1.1296231819724606e-63,1.0039440780325689e-112,True
xgboost,Race,Prior_Arrest_Episodes_GunCharges,Yes,0.7321988630400231,0.39658377178690996,0.04216040082538899,False
xgboost,Gender,Prior_Conviction_Episodes_Felony,0,0.7322661717363603,1.15643982345103e-06,3.690477043176436e-13,True
xgboost,Age,Prior_Conviction_Episodes_Felony,0,0.7322661717363603,1.7787976991133387e-63,1.2929554391753332e-111,True
xgboost,Race,Prior_Conviction_Episodes_Felony,0,0.7322661717363603,0.1750966589736841,0.006526289306078872,False
xgboost,Gender,Prior_Conviction_Episodes_Felony,1,0.7323199582967934,1.0489956086578524e-06,3.690477043176436e-13,True
xgboost,Age,Prior_Conviction_Episodes_Felony,1,0.7323199582967934,2.3387061250399902e-64,1.0039440780325689e-112,True
xgboost,Race,Prior_Conviction_Episodes_Felony,1,0.7323199582967934,0.17908467952270557,0.006526289306078872,False
xgboost,Gender,Prior_Conviction_Episodes_Felony,2,0.7323840122854812,8.62356541925312e-07,1.93793553563466e-13,True
xgboost,Age,Prior_Conviction_Episodes_Felony,2,0.7323840122854812,3.9682747376158414e-67,8.677313742462562e-118,True
xgboost,Race,Prior_Conviction_Episodes_Felony,2,0.7323840122854812,0.12867406272670123,0.003826309137221828,False
xgboost,Gender,Prior_Conviction_Episodes_Felony,3 or more,0.7323475058739085,5.628375500739348e-07,1.010175521916472e-13,True
xgboost,Age,Prior_Conviction_Episodes_Felony,3 or more,0.7323475058739085,1.6046939754094167e-68,4.48571926177152e-120,True
xgboost,Race,Prior_Conviction_Episodes_Felony,3 or more,0.7323475058739085,0.10132509335555431,0.002639865234235759,False
xgboost,Gender,Prior_Conviction_Episodes_Misd,0,0.7315021207272401,2.117006583976058e-07,5.2270169474803826e-14,True
xgboost,Age,Prior_Conviction_Episodes_Misd,0,0.7315021207272401,5.907872471961072e-87,4.621116367189461e-146,True
xgboost,Race,Prior_Conviction_Episodes_Misd,0,0.7315021207272401,0.20703132793437024,0.005478840051882621,False
xgboost,Gender,Prior_Conviction_Episodes_Misd,1,0.7311946347385885,6.533383431958353e-07,3.690477043176436e-13,True
xgboost,Age,Prior_Conviction_Episodes_Misd,1,0.7311946347385885,2.531549331141197e-88,2.4739818095128263e-147,True
xgboost,Race,Prior_Conviction_Episodes_Misd,1,0.7311946347385885,0.15474668477367753,0.003183050188479175,False
xgboost,Gender,Prior_Conviction_Episodes_Misd,2,0.7309815352717701,6.865289343669007e-07,3.690477043176436e-13,True
xgboost,Age,Prior_Conviction_Episodes_Misd,2,0.7309815352717701,1.5915188590841982e-87,1.0709467380299234e-146,True
xgboost,Race,Prior_Conviction_Episodes_Misd,2,0.7309815352717701,0.09619287528057988,0.0017991710432826388,False
xgboost,Gender,Prior_Conviction_Episodes_Misd,3,0.7311046437497668,2.022398676824568e-06,2.4385305882539526e-12,True
xgboost,Age,Prior_Conviction_Episodes_Misd,3,0.7311046437497668,1.7924854969168054e-89,2.991770493249601e-149,True
xgboost,Race,Prior_Conviction_Episodes_Misd,3,0.7311046437497668,0.09087751994843365,0.001478495190716588,False
xgboost,Gender,Prior_Conviction_Episodes_Misd,4 or more,0.7317214611798604,2.7620706718213647e-05,2.72777301935511e-11,True
xgboost,Age,Prior_Conviction_Episodes_Misd,4 or more,0.7317214611798604,3.915809264219728e-82,1.499326829632373e-138,True
xgboost,Race,Prior_Conviction_Episodes_Misd,4 or more,0.7317214611798604,0.09087751994843365,0.001478495190716588,False
xgboost,Gender,Prior_Conviction_Episodes_Viol,No,0.732417733741024,3.334357248363821e-06,1.3091087110953606e-12,True
xgboost,Age,Prior_Conviction_Episodes_Viol,No,0.732417733741024,3.442667322692312e-63,4.617777965957698e-111,True
xgboost,Race,Prior_Conviction_Episodes_Viol,No,0.732417733741024,0.18806618597106034,0.012748859471453848,False
xgboost,Gender,Prior_Conviction_Episodes_Viol,Yes,0.7322869079149925,2.022398676824568e-06,6.976338819042745e-13,True
xgboost,Age,Prior_Conviction_Episodes_Viol,Yes,0.7322869079149925,2.0686779163650244e-67,8.677313742462562e-118,True
xgboost,Race,Prior_Conviction_Episodes_Viol,Yes,0.7322869079149925,0.13624541128996265,0.005478840051882621,False
xgboost,Gender,Prior_Conviction_Episodes_Prop,0,0.7322065803880579,2.895492243671927e-06,1.3091087110953606e-12,True
xgboost,Age,Prior_Conviction_Episodes_Prop,0,0.7322065803880579,7.423578281574683e-62,2.0636287469183e-109,True
xgboost,Race,Prior_Conviction_Episodes_Prop,0,0.7322065803880579,0.352477384421514,0.027526163716838078,False
xgboost,Gender,Prior_Conviction_Episodes_Prop,1,0.7321739997578766,1.8378477538474354e-06,6.976338819042745e-13,True
xgboost,Age,Prior_Conviction_Episodes_Prop,1,0.7321739997578766,6.650169996106251e-63,1.2929554391753332e-111,True
xgboost,Race,Prior_Conviction_Episodes_Prop,1,0.7321739997578766,0.281981794145837,0.014959345230648085,False
xgboost,Gender,Prior_Conviction_Episodes_Prop,2,0.7324894044166853,3.6467439382014214e-07,5.2270169474803826e-14,True
xgboost,Age,Prior_Conviction_Episodes_Prop,2,0.7324894044166853,1.986198555515233e-65,4.3519711121849926e-116,True
xgboost,Race,Prior_Conviction_Episodes_Prop,2,0.7324894044166853,0.13624541128996265,0.004585578859296358,False
xgboost,Gender,Prior_Conviction_Episodes_Prop,3 or more,0.7326218408196978,4.033667817054107e-07,5.2270169474803826e-14,True
xgboost,Age,Prior_Conviction_Episodes_Prop,3 or more,0.7326218408196978,4.976028211702483e-65,1.5946644574391024e-115,True
xgboost,Race,Prior_Conviction_Episodes_Prop,3 or more,0.7326218408196978,0.1511627002433976,0.004585578859296358,False
xgboost,Gender,Prior_Conviction_Episodes_Drug,0,0.7323267025879019,5.354682692082614e-07,1.010175521916472e-13,True
xgboost,Age,Prior_Conviction_Episodes_Drug,0,0.7323267025879019,2.4672999484797926e-62,4.617777965957698e-111,True
xgboost,Race,Prior_Conviction_Episodes_Drug,0,0.7323267025879019,0.1831356003609426,0.009176637689596425,False
xgboost,Gender,Prior_Conviction_Episodes_Drug,1,0.7322652657868085,9.512505416178094e-07,1.93793553563466e-13,True
xgboost,Age,Prior_Conviction_Episodes_Drug,1,0.7322652657868085,8.164794485283349e-63,4.617777965957698e-111,True
xgboost,Race,Prior_Conviction_Episodes_Drug,1,0.7322652657868085,0.20613394623860926,0.012748859471453848,False
xgboost,Gender,Prior_Conviction_Episodes_Drug,2 or more,0.7322650309109986,9.989654347586193e-07,1.93793553563466e-13,True
xgboost,Age,Prior_Conviction_Episodes_Drug,2 or more,0.7322650309109986,1.3901054554776157e-63,3.6086302641477363e-112,True
xgboost,Race,Prior_Conviction_Episodes_Drug,2 or more,0.7322650309109986,0.24196305257912445,0.014959345230648085,False
xgboost,Gender,_v2,No,0.7318672183966546,1.4042139513576342e-06,6.976338819042745e-13,True
xgboost,Age,_v2,No,0.7318672183966546,4.780256844251077e-57,7.078820435279117e-102,True
xgboost,Race,_v2,No,0.7318672183966546,0.36188265415033105,0.023739384106540008,False
xgboost,Gender,_v2,Yes,0.7319325138717654,1.7868651050528006e-06,3.690477043176436e-13,True
xgboost,Age,_v2,Yes,0.7319325138717654,6.434213667748625e-50,1.266229977322091e-87,True
xgboost,Race,_v2,Yes,0.7319325138717654,0.4791915556157147,0.0366824991183629,False
xgboost,Gender,_v3,No,0.7325277562810489,9.989654347586193e-07,1.93793553563466e-13,True
xgboost,Age,_v3,No,0.7325277562810489,1.4811837470553207e-64,2.120609133185263e-114,True
xgboost,Race,_v3,No,0.7325277562810489,0.19226292436961534,0.010832519779527951,False
xgboost,Gender,_v3,Yes,0.7318408787522753,1.6363758894219182e-07,2.684784431400501e-14,True
xgboost,Age,_v3,Yes,0.7318408787522753,3.0358462942081323e-65,4.3519711121849926e-116,True
xgboost,Race,_v3,Yes,0.7318408787522753,0.07195154581753835,0.0021826909778385134,False
xgboost,Gender,_v4,No,0.7325419494906953,9.057472982925344e-07,1.93793553563466e-13,True
xgboost,Age,_v4,No,0.7325419494906953,1.5726258093622434e-62,4.617777965957698e-111,True
xgboost,Race,_v4,No,0.7325419494906953,0.11898766363646444,0.005478840051882621,False
xgboost,Gender,_v4,Yes,0.7324355843025652,6.217063124894724e-07,5.2270169474803826e-14,True
xgboost,Age,_v4,Yes,0.7324355843025652,9.494049472455578e-62,8.959947468777535e-108,True
xgboost,Race,_v4,Yes,0.7324355843025652,0.16658458478990257,0.006526289306078872,False
xgboost,Gender,Prior_Revocations_Parole,No,0.730892987091494,3.1813756807244063e-06,1.3091087110953606e-12,True
xgboost,Age,Prior_Revocations_Parole,No,0.730892987091494,8.139266853309903e-68,4.48571926177152e-120,True
xgboost,Race,Prior_Revocations_Parole,No,0.730892987091494,0.3461784211446908,0.0366824991183629,False
xgboost,Gender,Prior_Revocations_Parole,Yes,0.7305952316721036,0.00019506831554634105,4.730696142990188e-10,True
xgboost,Age,Prior_Revocations_Parole,Yes,0.7305952316721036,1.7832552518760656e-52,1.3422353186698048e-93,True
xgboost,Race,Prior_Revocations_Parole,Yes,0.7305952316721036,0.8707607200869935,0.21904310420922585,False
xgboost,Gender,Prior_Revocations_Probation,No,0.7316071437678858,1.4689221353541902e-05,1.5080819793756062e-11,True
xgboost,Age,Prior_Revocations_Probation,No,0.7316071437678858,2.664737617545875e-59,1.089256405352355e-106,True
xgboost,Race,Prior_Revocations_Probation,No,0.7316071437678858,0.366815333355066,0.0366824991183629,False
xgboost,Gender,Prior_Revocations_Probation,Yes,0.7308719489296777,4.2121757790921585e-06,1.3091087110953606e-12,True
xgboost,Age,Prior_Revocations_Probation,Yes,0.7308719489296777,8.559841635035791e-75,2.975189774455149e-128,True
xgboost,Race,Prior_Revocations_Probation,Yes,0.7308719489296777,0.18888388530274872,0.007750509833330309,False
xgboost,Gender,Condition_MH_SA,No,0.7296610634693492,9.558452180647263e-09,8.5926502184588745e-16,True
xgboost,Age,Condition_MH_SA,No,0.7296610634693492,1.606371158168379e-69,5.7852657351819386e-123,True
xgboost,Race,Condition_MH_SA,No,0.7296610634693492,0.04151838062573894,0.00034319980385130397,False
xgboost,Gender,Condition_MH_SA,Yes,0.7293168026396284,1.553888896877467e-07,1.010175521916472e-13,True
xgboost,Age,Condition_MH_SA,Yes,0.7293168026396284,1.9175285250752466e-65,4.3519711121849926e-116,True
xgboost,Race,Condition_MH_SA,Yes,0.7293168026396284,0.07846293529630886,0.001478495190716588,False
xgboost,Gender,Condition_Cog_Ed,No,0.7322753318929407,3.035184147983306e-06,6.976338819042745e-13,True
xgboost,Age,Condition_Cog_Ed,No,0.7322753318929407,3.476439615776599e-61,7.276364958413813e-109,True
xgboost,Race,Condition_Cog_Ed,No,0.7322753318929407,0.2699471106564884,0.017500757299756583,False
xgboost,Gender,Condition_Cog_Ed,Yes,0.7324874918565202,1.5163680686674313e-06,3.690477043176436e-13,True
xgboost,Age,Condition_Cog_Ed,Yes,0.7324874918565202,1.2104479485393071e-65,2.120609133185263e-114,True
xgboost,Race,Condition_Cog_Ed,Yes,0.7324874918565202,0.16586202651604268,0.007750509833330309,False
xgboost,Gender,Condition_Other,No,0.7323249242424853,7.847946126890691e-06,2.4385305882539526e-12,True
xgboost,Age,Condition_Other,No,0.7323249242424853,3.389872667517359e-67,1.5946644574391024e-115,True
xgboost,Race,Condition_Other,No,0.7323249242424853,0.0838778828117173,0.003183050188479175,False
xgboost,Gender,Condition_Other,Yes,0.7317353188526357,1.8314762475656883e-05,1.5080819793756062e-11,True
xgboost,Age,Condition_Other,Yes,0.7317353188526357,1.7832552518760656e-52,1.3422353186698048e-93,True
xgboost,Race,Condition_Other,Yes,0.7317353188526357,0.3683628087134849,0.027526163716838078,False
