model,variant,auc,gender_fnr_gap_m_minus_f,women_mean_score,women_observed_rate
logistic,women = No (shipped rule),0.7298719148391316,-0.09868748038836195,0.5215302442582236,0.4536842105263158
logistic,women = men's average (0.176),0.7278071551492964,-0.01911118338627993,0.5455861515743508,0.4536842105263158
xgboost,women = No (shipped rule),0.7323380437341442,-0.10984349626548606,0.5225286483764648,0.4536842105263158
xgboost,women = men's average (0.176),0.7337204220892779,-0.23157765750578896,0.4645194411277771,0.4536842105263158
logistic,course baseline,0.7298327241325903,-0.0963672947735128,,
logistic,course A: drop + re-estimate,0.7154628207698933,0.0001402876297231,,
logistic,"course B: neutralize, no re-estimation",0.71362562218602,0.0144072532712784,,
xgboost,course baseline,0.7323638800732168,-0.1121636818803353,,
xgboost,course A: drop + re-estimate,0.718816075598336,-0.0096340382452708,,
xgboost,"course B: neutralize, no re-estimation",0.7175381834248544,0.0007329312899819,,
