ranker,effectiveness,net_value
random,0.1,-3175000.0
incumbent,0.1,-2505000.0
logistic,0.1,-1395000.0
xgboost,0.1,-1270000.0
tabicl,0.1,-1340000.0
random,0.15,-860000.0
incumbent,0.15,145000.0
logistic,0.15,1810000.0
xgboost,0.15,1997500.0
tabicl,0.15,1892500.0
random,0.2,1455000.0
incumbent,0.2,2795000.0
logistic,0.2,5015000.0
xgboost,0.2,5265000.0
tabicl,0.2,5125000.0
random,0.25,3770000.0
incumbent,0.25,5445000.0
logistic,0.25,8220000.0
xgboost,0.25,8532500.0
tabicl,0.25,8357500.0
random,0.3,6085000.0
incumbent,0.3,8095000.0
logistic,0.3,11425000.0
xgboost,0.3,11800000.0
tabicl,0.3,11590000.0
random,0.35,8399999.999999998
incumbent,0.35,10745000.0
logistic,0.35,14630000.0
xgboost,0.35,15067500.0
tabicl,0.35,14822500.0
random,0.4,10715000.0
incumbent,0.4,13395000.0
logistic,0.4,17835000.0
xgboost,0.4,18335000.0
tabicl,0.4,18055000.0
