roc_auc,average_precision,brier,log_loss,ece_10,selection_rate,tpr,fpr,precision,accuracy,attribute,group,n,base_rate,model
0.7171841294229617,0.7620605990461422,0.20909109155585132,0.6059519811725218,0.017023477498835766,0.6912218791354212,0.8134243458475541,0.5213494992092778,0.6844288449266114,0.6733568592853992,Race,BLACK,4534,0.5816056462284958,logistic
0.7458411186215997,0.779711292630392,0.20057513320327394,0.5844792628900699,0.016154069414437953,0.6495569813626643,0.7963163596966414,0.45970567624386827,0.691439322671684,0.6846929422548121,Race,WHITE,3273,0.564008554842652,logistic
0.753975385468217,0.7014435400555115,0.2060600882881504,0.5986088414997861,0.07674756415203815,0.5589473684210526,0.7587006960556845,0.3930635838150289,0.615819209039548,0.6757894736842105,Gender,F,950,0.4536842105263158,logistic
0.722876271571179,0.7753952061527385,0.205446162493044,0.5967199228016065,0.011832995494930259,0.6896602012541928,0.8114511352418559,0.5137254901960784,0.6952844153097907,0.67843080064168,Gender,M,6857,0.5909289776870351,logistic
0.7887112887112887,0.7394220484959485,0.1971187785746567,0.5774310632806602,0.10163135789780026,0.5486725663716814,0.7832167832167832,0.37755102040816324,0.6021505376344086,0.6902654867256637,Race x Gender,BLACK / F,339,0.4218289085545723,logistic
0.7083495391879959,0.7639144742559671,0.2100585800184556,0.6082567704848796,0.019507481576156144,0.7027413587604291,0.8151563753007217,0.5379188712522046,0.6896200814111262,0.6719904648390942,Race x Gender,BLACK / M,4195,0.5945172824791418,logistic
0.7352296181630547,0.6825495715842724,0.21102097862018698,0.6103588690223455,0.07302528998417714,0.5646481178396072,0.7465277777777778,0.4024767801857585,0.6231884057971014,0.6677577741407529,Race x Gender,WHITE / F,611,0.4713584288052373,logistic
0.7451163699280012,0.7941117136638007,0.1981775330718938,0.5785392030302576,0.01785929550450893,0.669045830202855,0.8055198973042362,0.47644927536231885,0.7046603032004491,0.6885800150262961,Race x Gender,WHITE / M,2662,0.585274229902329,logistic
0.721010401230292,0.7659697503823886,0.20764087259686242,0.6023727342060347,0.011019666412659921,0.6945302161446846,0.8168373151308305,0.5245123879810226,0.6840266751349635,0.6740185266872519,Race,BLACK,4534,0.5816056462284958,xgboost
0.7474766934852607,0.7810607305687968,0.20008592313058357,0.5836651265633699,0.014984769401772065,0.6559731133516652,0.8017334777898159,0.46741415557112825,0.6893339543549138,0.6843874121600978,Race,WHITE,3273,0.564008554842652,xgboost
0.7560184005471884,0.7034345058194235,0.20565616637638454,0.597989492683792,0.06902157435263155,0.5768421052631579,0.7795823665893271,0.40847784200385356,0.6131386861313869,0.6768421052631579,Gender,F,950,0.4536842105263158,xgboost
0.7260028277666626,0.7784744216882075,0.20430969588785317,0.594050447438015,0.012200618336298685,0.6924310923144232,0.8139190523198421,0.5169340463458111,0.6946082561078348,0.6785766370132711,Gender,M,6857,0.5909289776870351,xgboost
0.7832524618238904,0.7297275991489809,0.1984130726821095,0.5811532968735982,0.10034327569321533,0.5575221238938053,0.7972027972027972,0.3826530612244898,0.6031746031746031,0.6932153392330384,Race x Gender,BLACK / F,339,0.4218289085545723,xgboost
0.7129056826330282,0.7684939210353388,0.20838657561738716,0.6040874873063198,0.012953075746126377,0.7056019070321812,0.8179631114675221,0.5408583186360965,0.6891891891891891,0.6724672228843862,Race x Gender,BLACK / M,4195,0.5945172824791418,xgboost
0.740217578259374,0.6893917674076008,0.20967483865520486,0.6073306880678437,0.05988529992635027,0.5875613747954174,0.7708333333333334,0.4241486068111455,0.6183844011142061,0.6677577741407529,Race x Gender,WHITE / F,611,0.4713584288052373,xgboost
0.7461602458558911,0.7948204002497631,0.19788501126524038,0.5782332489979178,0.018455300652516913,0.6716754320060105,0.8074454428754814,0.48007246376811596,0.703579418344519,0.6882043576258452,Race x Gender,WHITE / M,2662,0.585274229902329,xgboost
0.7204115873435673,0.7666295321431288,0.2080830593742386,0.6037468316653353,0.027691293666740193,0.6921041023378914,0.8164580963215775,0.5192409066947812,0.6861057998725303,0.6760035288928099,Race,BLACK,4534,0.5816056462284958,tabicl
0.7463293045969199,0.778221429401909,0.20015680649724774,0.583406433901115,0.017659860901619313,0.6556675832569508,0.8011917659804983,0.46741415557112825,0.6891891891891891,0.6840818820653835,Race,WHITE,3273,0.564008554842652,tabicl
0.7520977786122698,0.694817031236566,0.20615485581120874,0.598552623806054,0.06815992228210525,0.5726315789473684,0.7679814385150812,0.41040462427745666,0.6084558823529411,0.6705263157894736,Gender,F,950,0.4536842105263158,tabicl
0.7256127560958872,0.7781685523403669,0.20456682307826185,0.5947575324942728,0.022944253718827447,0.6912644013416946,0.8146594274432379,0.5130124777183601,0.6964135021097047,0.6806183462155462,Gender,M,6857,0.5909289776870351,tabicl
0.7815398886827458,0.7339404621468946,0.196872394650412,0.5758903115858456,0.09728936967256638,0.5545722713864307,0.7692307692307693,0.3979591836734694,0.5851063829787234,0.672566371681416,Race x Gender,BLACK / F,339,0.4218289085545723,tabicl
0.7122158435978271,0.7688669285302006,0.20898899866896498,0.6059979306657994,0.032313436993087,0.7032181168057211,0.8191659983961508,0.5332157554379776,0.6925423728813559,0.6762812872467223,Race x Gender,BLACK / M,4195,0.5945172824791418,tabicl
0.7347942466460269,0.6763452827281411,0.2113050265698177,0.6111263125828965,0.07009422689852703,0.5826513911620295,0.7673611111111112,0.4179566563467492,0.6207865168539326,0.6693944353518821,Race x Gender,WHITE / F,611,0.4713584288052373,tabicl
0.7462602439954606,0.7937385596854949,0.19759799264888553,0.5770439824080389,0.01692480598948159,0.6724267468069121,0.8074454428754814,0.48188405797101447,0.7027932960893855,0.6874530428249437,Race x Gender,WHITE / M,2662,0.585274229902329,tabicl
0.5,0.5816056462284958,0.2433531948329021,0.6797944525423627,0.0035603833041558675,1.0,1.0,1.0,0.5816056462284958,0.5816056462284958,Race,BLACK,4534,0.5816056462284958,training_prevalence
0.5,0.564008554842652,0.24609993408072575,0.685333209643973,0.014036708081687777,1.0,1.0,1.0,0.564008554842652,0.564008554842652,Race,WHITE,3273,0.564008554842652,training_prevalence
0.5,0.4536842105263158,0.26332051899897346,0.7200582521049225,0.12436105239802397,1.0,1.0,1.0,0.4536842105263158,0.4536842105263158,Gender,F,950,0.4536842105263158,training_prevalence
0.5,0.5909289776870351,0.24189791112287717,0.6768598955070906,0.012883714762695342,1.0,1.0,1.0,0.5909289776870351,0.5909289776870351,Gender,M,6857,0.5909289776870351,training_prevalence
0.5,0.4218289085545723,0.2682928298348114,0.7300848398034943,0.1562163543697675,1.0,1.0,1.0,0.4218289085545723,0.4218289085545723,Race x Gender,BLACK / F,339,0.4218289085545723,training_prevalence
0.5,0.5945172824791418,0.24133781074097188,0.675730461772035,0.016472019554802042,1.0,1.0,1.0,0.5945172824791418,0.5945172824791418,Race x Gender,BLACK / M,4195,0.5945172824791418,training_prevalence
0.5,0.4713584288052373,0.26056174097385226,0.7144952189955678,0.10668683411910246,1.0,1.0,1.0,0.4713584288052373,0.4713584288052373,Race x Gender,WHITE / F,611,0.4713584288052373,training_prevalence
0.5,0.585274229902329,0.24278056367813355,0.6786397506981339,0.0072289669779892485,1.0,1.0,1.0,0.585274229902329,0.585274229902329,Race x Gender,WHITE / M,2662,0.585274229902329,training_prevalence
0.5926898128074406,0.6441732128300801,0.23763434502686398,0.6680443716596093,0.015624795461264558,0.766872518747243,0.8126659082290482,0.7032156035846073,0.6163359217716422,0.5968239964711072,Race,BLACK,4534,0.5816056462284958,calibrated_incumbent
0.6110355464683958,0.6387951313555352,0.2369937033173864,0.6668184365044146,0.020949370460354815,0.716162542010388,0.7849404117009751,0.6271899088997898,0.6181740614334471,0.6052551176290865,Race,WHITE,3273,0.564008554842652,calibrated_incumbent
0.5967638104689994,0.5240541656770638,0.2555728351038338,0.7052633183030856,0.12320296155753527,0.7494736842105263,0.7935034802784223,0.7129094412331407,0.4803370786516854,0.5168421052631579,Gender,F,950,0.4536842105263158,calibrated_incumbent
0.6009710659818087,0.6575887683779409,0.23484327227081303,0.6623027229685994,0.025625015978449076,0.7450780224588012,0.8020730503455084,0.6627450980392157,0.6361323155216285,0.61192941519615,Gender,M,6857,0.5909289776870351,calibrated_incumbent
0.5800984729556158,0.47063693687024183,0.2607678786717054,0.7163265354065068,0.14809707213359277,0.7551622418879056,0.7972027972027972,0.7244897959183674,0.4453125,0.49557522123893805,Race x Gender,BLACK / F,339,0.4218289085545723,calibrated_incumbent
0.5921192637756836,0.6568710214549843,0.23576491286819862,0.6641426664128397,0.018013726952762828,0.767818831942789,0.8135525260625501,0.7007642563198119,0.6299285936044706,0.6050059594755661,Race x Gender,BLACK / M,4195,0.5945172824791418,calibrated_incumbent
0.6045214138286894,0.5558294745192429,0.2526904786889262,0.6991251340182087,0.10939100822646573,0.7463175122749591,0.7916666666666666,0.7058823529411765,0.5,0.5286415711947627,Race x Gender,WHITE / F,611,0.4713584288052373,calibrated_incumbent
0.6154036669085227,0.6590801932914438,0.23339087471031997,0.6594031877512485,0.037619515400971006,0.7092411720510894,0.7836970474967908,0.6041666666666666,0.6467161016949152,0.622839969947408,Race x Gender,WHITE / M,2662,0.585274229902329,calibrated_incumbent
