model,case,seed,local_r2,local_intercept,model_probability,surrogate_prediction,record_id
logistic,highest_risk,0,0.4279230998211121,0.4814337933233715,0.9587893754597586,1.07034875641611,19089
logistic,highest_risk,1,0.4469902069484353,0.47186517827315666,0.9587893754597586,1.0661409983003596,19089
logistic,highest_risk,2,0.436586012114776,0.47441292138649127,0.9587893754597586,1.068471674193224,19089
logistic,median_risk,0,0.3426479593888516,0.7209074329874904,0.6208165461728157,0.5994375186679789,4647
logistic,median_risk,1,0.33808695056421323,0.7212821127759516,0.6208165461728157,0.6067219173939875,4647
logistic,median_risk,2,0.3434802422313341,0.7273664961271491,0.6208165461728157,0.6076248475534651,4647
logistic,lowest_risk,0,0.51786650195635,0.9313247150869848,0.0628638126335408,-0.008823159619077758,15422
logistic,lowest_risk,1,0.493516882978431,0.9148032267457956,0.0628638126335408,-0.022880257860330988,15422
logistic,lowest_risk,2,0.48602327604461326,0.9146941544002238,0.0628638126335408,-0.017340223472638416,15422
xgboost,highest_risk,0,0.4207606027271573,0.47358750942797356,0.9470393061637878,1.0412419891716798,19089
xgboost,highest_risk,1,0.43667201494983665,0.4726812666833008,0.9470393061637878,1.0433378595015506,19089
xgboost,highest_risk,2,0.42325099514927367,0.47287567359507493,0.9470393061637878,1.0514171076715173,19089
xgboost,median_risk,0,0.3269790441122493,0.7030522165226225,0.6087382435798645,0.5758391309986606,4647
xgboost,median_risk,1,0.3239725823158631,0.7052392953141898,0.6087382435798645,0.5832990869963078,4647
xgboost,median_risk,2,0.326208289892865,0.7090055594298748,0.6087382435798645,0.5795243632164845,4647
xgboost,lowest_risk,0,0.5067567068313743,0.9031291932092501,0.07642445713281631,0.008174995215707637,15422
xgboost,lowest_risk,1,0.4691087030079085,0.8828027397818881,0.07642445713281631,0.0044936182690471504,15422
xgboost,lowest_risk,2,0.4797644046615738,0.8970472452086021,0.07642445713281631,0.023281862581550516,15422
