model,case,condition,mean_weight,sd_weight,seeds,sign_stable
logistic,highest_risk,Age_at_Release=18-22,0.21705563268789177,0.0020198948337643123,3,True
logistic,highest_risk,Condition_MH_SA=Yes,0.05400413247538279,0.0035883751629670756,3,True
logistic,highest_risk,Education_Level=High School Diploma,0.03146365134631698,0.004590738601182457,2,True
logistic,highest_risk,Gang_Affiliated=Yes,0.1716861623964452,0.002111584030830586,3,True
logistic,highest_risk,Prior_Arrest_Episodes_Misd=6 or more,0.052454006073396425,0.006784474635392888,3,True
logistic,highest_risk,Prior_Arrest_Episodes_Property=0,-0.05394986230689031,0.003271688156846636,3,True
logistic,highest_risk,Prior_Revocations_Parole=No,-0.0755028253680375,0.0039944690595414105,3,True
logistic,highest_risk,Prior_Revocations_Probation=No,0.038276274297558005,0.0032687924957324815,3,True
logistic,highest_risk,Prison_Years=Less than 1 year,0.07360885861343253,0.00200164196977012,3,True
logistic,highest_risk,Supervision_Risk_Score_First > 8.00,0.03518519541431479,,1,True
logistic,highest_risk,_v1=5 or more,0.08207996707072962,0.0029890143005557365,3,True
logistic,lowest_risk,Age_at_Release=48 or older,-0.19988617684411122,0.0069018781445100335,3,True
logistic,lowest_risk,Condition_MH_SA=No,-0.05435393151024019,0.0016322645252365366,2,True
logistic,lowest_risk,Gang_Affiliated=No,-0.17647970412468938,0.002299236957002475,3,True
logistic,lowest_risk,Prior_Arrest_Episodes_Felony=1,-0.12600737817303512,0.004525371514546006,3,True
logistic,lowest_risk,Prior_Arrest_Episodes_Misd=0,-0.05621334481908668,0.0018838166188088505,3,True
logistic,lowest_risk,Prior_Arrest_Episodes_Property=0,-0.05550601842123806,0.0004903844820619736,3,True
logistic,lowest_risk,Prior_Conviction_Episodes_Misd=0,-0.053670712137950875,0.0019199408531233094,3,True
logistic,lowest_risk,Prior_Revocations_Parole=No,-0.08231761933309782,0.0036766063734721983,3,True
logistic,lowest_risk,Prison_Offense=Violent/Sex,-0.060516064850081354,0.009316971222954416,2,True
logistic,lowest_risk,Prison_Years=More than 3 years,-0.05005040094541833,0.00039846472821203284,2,True
logistic,lowest_risk,_v1=0,-0.07659402700464805,0.002004024504391651,3,True
logistic,median_risk,Age_at_Release=38-42,-0.07260861830210617,0.0049746569893777985,3,True
logistic,median_risk,Condition_MH_SA=Yes,0.052236471792409284,0.0035387061250671497,3,True
logistic,median_risk,Gang_Affiliated=No,-0.17449004820537942,0.003969118080635352,3,True
logistic,median_risk,Prior_Arrest_Episodes_Felony=10 or more,0.10579959007101558,0.006275078056253657,3,True
logistic,median_risk,Prior_Arrest_Episodes_Misd=6 or more,0.05267268487700146,0.007169125014323036,3,True
logistic,median_risk,Prior_Revocations_Parole=No,-0.07293211495651411,0.0069399705698759,3,True
logistic,median_risk,Prior_Revocations_Probation=Yes,-0.03624352886642294,0.0024882050896464013,3,True
logistic,median_risk,Supervision_Risk_Score_First <= 4.00,-0.028750605176295574,0.004965293987990877,3,True
logistic,median_risk,_v1=5 or more,0.08274956468835047,0.007366311510228967,3,True
logistic,median_risk,_v2=Yes,-0.02702398201377837,0.0025940364597659255,3,True
xgboost,highest_risk,Age_at_Release=18-22,0.20285439406298825,0.0023455776269402633,3,True
xgboost,highest_risk,Condition_MH_SA=Yes,0.05034592808751325,0.005767006625581518,3,True
xgboost,highest_risk,Gang_Affiliated=Yes,0.15942321865903927,0.0030869147880790457,3,True
xgboost,highest_risk,Prior_Arrest_Episodes_Misd=6 or more,0.052018626187338074,0.0058380030206192845,3,True
xgboost,highest_risk,Prior_Arrest_Episodes_Property=0,-0.052596249709775576,0.003335123035541786,3,True
xgboost,highest_risk,Prior_Revocations_Parole=No,-0.06873214828660873,0.002748111061005889,3,True
xgboost,highest_risk,Prior_Revocations_Probation=No,0.03442838278086216,0.004187787081739073,3,True
xgboost,highest_risk,Prison_Years=Less than 1 year,0.0756725791495768,0.00200589426827332,3,True
xgboost,highest_risk,Supervision_Risk_Score_First > 8.00,0.03648172520871052,0.006696183347177061,3,True
xgboost,highest_risk,_v1=5 or more,0.08238771273982205,0.0035425363504331176,3,True
xgboost,lowest_risk,Age_at_Release=48 or older,-0.18548679351029077,0.007087689833268115,3,True
xgboost,lowest_risk,Condition_MH_SA=No,-0.04879098580685922,0.00564301983392848,3,True
xgboost,lowest_risk,Gang_Affiliated=No,-0.16372442989043942,0.0029386065050487544,3,True
xgboost,lowest_risk,Prior_Arrest_Episodes_Felony=1,-0.1018700016862022,0.005280719063062412,3,True
xgboost,lowest_risk,Prior_Arrest_Episodes_Misd=0,-0.05834327543212603,0.0012407323508416078,3,True
xgboost,lowest_risk,Prior_Arrest_Episodes_Property=0,-0.05470025313782536,0.00034667745181895897,3,True
xgboost,lowest_risk,Prior_Conviction_Episodes_Misd=0,-0.050605673769149956,0.001097738557908801,2,True
xgboost,lowest_risk,Prior_Revocations_Parole=No,-0.07515791128668209,0.003168790905176538,3,True
xgboost,lowest_risk,Prison_Offense=Violent/Sex,-0.05375746301467631,,1,True
xgboost,lowest_risk,Prison_Years=More than 3 years,-0.05892194275690387,0.0029472912703753748,3,True
xgboost,lowest_risk,_v1=0,-0.08369103701949067,0.0029094698070151093,3,True
xgboost,median_risk,Age_at_Release=38-42,-0.07522336429517006,0.0055130900292283316,3,True
xgboost,median_risk,Condition_MH_SA=Yes,0.04863051187672554,0.005201850197135238,3,True
xgboost,median_risk,Gang_Affiliated=No,-0.16167517811998589,0.004764300426083547,3,True
xgboost,median_risk,Prior_Arrest_Episodes_Felony=10 or more,0.08982740264643846,0.006042117929699031,3,True
xgboost,median_risk,Prior_Arrest_Episodes_Misd=6 or more,0.052090479204263816,0.006054263813684817,3,True
xgboost,median_risk,Prior_Revocations_Parole=No,-0.06694311800437495,0.00589446271778142,3,True
xgboost,median_risk,Prior_Revocations_Probation=Yes,-0.03218841937914921,0.0032958328064277395,3,True
xgboost,median_risk,Supervision_Risk_Score_First <= 4.00,-0.03753510917377929,0.00431078232115167,3,True
xgboost,median_risk,_v1=5 or more,0.08292085290721352,0.007268352069692516,3,True
xgboost,median_risk,_v2=Yes,-0.026115554347260008,0.002736465998253984,3,True
