model,seed,condition,feature,weight,shap,local_r2,same_sign
logistic,0,Gang_Affiliated=Yes,Gang_Affiliated,0.1738742691564123,0.693056603776383,0.2308712834426121,1.0
logistic,0,Prior_Revocations_Parole=No,Prior_Revocations_Parole,-0.0729037895831554,-0.0274641710859578,0.2308712834426121,1.0
logistic,0,Condition_MH_SA=Yes,Condition_MH_SA,0.0528556014093019,0.0874068928475129,0.2308712834426121,1.0
logistic,0,Prison_Years=More than 3 years,Prison_Years,-0.0517208442320747,-0.1509273731353642,0.2308712834426121,1.0
logistic,0,Age_at_Release=28-32,Age_at_Release,0.045631087012048,0.1538915132123382,0.2308712834426121,1.0
logistic,0,Prior_Arrest_Episodes_Felony=3,Prior_Arrest_Episodes_Felony,-0.0430193326394406,-0.1609546103502213,0.2308712834426121,1.0
logistic,0,Prior_Revocations_Probation=No,Prior_Revocations_Probation,0.0336676520047751,0.0282386015351899,0.2308712834426121,1.0
logistic,0,Education_Level=High School Diploma,Education_Level,0.0318007853884371,0.0921202878593919,0.2308712834426121,1.0
logistic,0,_v2=Yes,_v2,-0.0271548499646397,-0.081224521030524,0.2308712834426121,1.0
logistic,0,Dependents=0,Dependents,-0.0186287996100825,-0.0399012652048325,0.2308712834426121,1.0
logistic,1,Gang_Affiliated=Yes,Gang_Affiliated,0.1782627995007895,0.693056603776383,0.2243948287504862,1.0
logistic,1,Prior_Revocations_Parole=No,Prior_Revocations_Parole,-0.0753799822545713,-0.0274641710859578,0.2243948287504862,1.0
logistic,1,Condition_MH_SA=Yes,Condition_MH_SA,0.0521971632535621,0.0874068928475129,0.2243948287504862,1.0
logistic,1,Age_at_Release=28-32,Age_at_Release,0.0459241461932853,0.1538915132123382,0.2243948287504862,1.0
logistic,1,Prior_Revocations_Probation=No,Prior_Revocations_Probation,0.0395473322356457,0.0282386015351899,0.2243948287504862,1.0
logistic,1,Prison_Years=More than 3 years,Prison_Years,-0.0374075820718236,-0.1509273731353642,0.2243948287504862,1.0
logistic,1,Education_Level=High School Diploma,Education_Level,0.0299726787800246,0.0921202878593919,0.2243948287504862,1.0
logistic,1,Prior_Arrest_Episodes_Felony=3,Prior_Arrest_Episodes_Felony,-0.0291037894645194,-0.1609546103502213,0.2243948287504862,1.0
logistic,1,_v2=Yes,_v2,-0.0255917950932554,-0.081224521030524,0.2243948287504862,1.0
logistic,1,Supervision_Level_First=High,Supervision_Level_First,0.0238154307481506,0.0539327976425635,0.2243948287504862,1.0
logistic,2,Gang_Affiliated=Yes,Gang_Affiliated,0.1716436106751604,0.693056603776383,0.2373425735644385,1.0
logistic,2,Prior_Revocations_Parole=No,Prior_Revocations_Parole,-0.0813117344999562,-0.0274641710859578,0.2373425735644385,1.0
logistic,2,Age_at_Release=28-32,Age_at_Release,0.0501924968628548,0.1538915132123382,0.2373425735644385,1.0
logistic,2,Prison_Years=More than 3 years,Prison_Years,-0.048488821021525,-0.1509273731353642,0.2373425735644385,1.0
logistic,2,Condition_MH_SA=Yes,Condition_MH_SA,0.0467263712530679,0.0874068928475129,0.2373425735644385,1.0
logistic,2,Prior_Revocations_Probation=No,Prior_Revocations_Probation,0.0404643183074842,0.0282386015351899,0.2373425735644385,1.0
logistic,2,Education_Level=High School Diploma,Education_Level,0.0382447291323832,0.0921202878593919,0.2373425735644385,1.0
logistic,2,Prior_Arrest_Episodes_Felony=3,Prior_Arrest_Episodes_Felony,-0.0352252404767167,-0.1609546103502213,0.2373425735644385,1.0
logistic,2,_v2=Yes,_v2,-0.0299902317239287,-0.081224521030524,0.2373425735644385,1.0
logistic,2,Condition_Other=Yes,Condition_Other,0.0224541776390487,0.0507787070104815,0.2373425735644385,1.0
xgboost,0,Gang_Affiliated=Yes,Gang_Affiliated,0.1616759757700292,0.7111526727676392,0.2312654147318694,1.0
xgboost,0,Prior_Revocations_Parole=No,Prior_Revocations_Parole,-0.0672764320499292,-0.0298268161714077,0.2312654147318694,1.0
xgboost,0,Prison_Years=More than 3 years,Prison_Years,-0.0628162279245523,-0.1787969470024109,0.2312654147318694,1.0
xgboost,0,Condition_MH_SA=Yes,Condition_MH_SA,0.0501295130766535,0.0875644460320472,0.2312654147318694,1.0
xgboost,0,Age_at_Release=28-32,Age_at_Release,0.0486353579440747,0.1550306975841522,0.2312654147318694,1.0
xgboost,0,Prior_Arrest_Episodes_Felony=3,Prior_Arrest_Episodes_Felony,-0.0402891041974349,-0.1228458136320114,0.2312654147318694,1.0
xgboost,0,Education_Level=High School Diploma,Education_Level,0.030612199330713,0.0979129001498222,0.2312654147318694,1.0
xgboost,0,Prior_Revocations_Probation=No,Prior_Revocations_Probation,0.0292304734077452,0.0125974668189883,0.2312654147318694,1.0
xgboost,0,_v2=Yes,_v2,-0.0260331327510682,-0.073811687529087,0.2312654147318694,1.0
xgboost,0,6.00 < Supervision_Risk_Score_First <= 8.00,Supervision_Risk_Score_First,0.0223280381736825,0.1271248757839203,0.2312654147318694,1.0
xgboost,1,Gang_Affiliated=Yes,Gang_Affiliated,0.1678347474260506,0.7111526727676392,0.2253272943577576,1.0
xgboost,1,Prior_Revocations_Parole=No,Prior_Revocations_Parole,-0.0696286966575758,-0.0298268161714077,0.2253272943577576,1.0
xgboost,1,Condition_MH_SA=Yes,Condition_MH_SA,0.0509421987616548,0.0875644460320472,0.2253272943577576,1.0
xgboost,1,Prison_Years=More than 3 years,Prison_Years,-0.0501489373744119,-0.1787969470024109,0.2253272943577576,1.0
xgboost,1,Age_at_Release=28-32,Age_at_Release,0.0467604889101088,0.1550306975841522,0.2253272943577576,1.0
xgboost,1,Prior_Revocations_Probation=No,Prior_Revocations_Probation,0.0336277400673751,0.0125974668189883,0.2253272943577576,1.0
xgboost,1,Education_Level=High School Diploma,Education_Level,0.0283925296521697,0.0979129001498222,0.2253272943577576,1.0
xgboost,1,6.00 < Supervision_Risk_Score_First <= 8.00,Supervision_Risk_Score_First,0.0259904849926534,0.1271248757839203,0.2253272943577576,1.0
xgboost,1,Prior_Arrest_Episodes_Felony=3,Prior_Arrest_Episodes_Felony,-0.0258762964809884,-0.1228458136320114,0.2253272943577576,1.0
xgboost,1,_v2=Yes,_v2,-0.0251181394778354,-0.073811687529087,0.2253272943577576,1.0
xgboost,2,Gang_Affiliated=Yes,Gang_Affiliated,0.1582303775441786,0.7111526727676392,0.2339189790873476,1.0
xgboost,2,Prior_Revocations_Parole=No,Prior_Revocations_Parole,-0.0732283019044717,-0.0298268161714077,0.2339189790873476,1.0
xgboost,2,Prison_Years=More than 3 years,Prison_Years,-0.0592466129816498,-0.1787969470024109,0.2339189790873476,1.0
xgboost,2,Age_at_Release=28-32,Age_at_Release,0.0523693569545052,0.1550306975841522,0.2339189790873476,1.0
xgboost,2,Condition_MH_SA=Yes,Condition_MH_SA,0.0412188700472272,0.0875644460320472,0.2339189790873476,1.0
xgboost,2,Education_Level=High School Diploma,Education_Level,0.0371134012228894,0.0979129001498222,0.2339189790873476,1.0
xgboost,2,Prior_Revocations_Probation=No,Prior_Revocations_Probation,0.0368547447947084,0.0125974668189883,0.2339189790873476,1.0
xgboost,2,Prior_Arrest_Episodes_Felony=3,Prior_Arrest_Episodes_Felony,-0.0343654786232022,-0.1228458136320114,0.2339189790873476,1.0
xgboost,2,_v2=Yes,_v2,-0.029057180750381,-0.073811687529087,0.2339189790873476,1.0
xgboost,2,Condition_Other=Yes,Condition_Other,0.0236190964455472,0.0486151725053787,0.2339189790873476,1.0
tabicl,0,Gang_Affiliated=Yes,Gang_Affiliated,0.1792344644908681,,0.2757326369157682,
tabicl,0,Prison_Years=More than 3 years,Prison_Years,-0.07057322299135357,,0.2757326369157682,
tabicl,0,Condition_MH_SA=Yes,Condition_MH_SA,0.06234925975684581,,0.2757326369157682,
tabicl,0,Prior_Revocations_Parole=No,Prior_Revocations_Parole,-0.05762145009471507,,0.2757326369157682,
tabicl,0,Age_at_Release=28-32,Age_at_Release,0.05340204826832026,,0.2757326369157682,
tabicl,0,Condition_Other=Yes,Condition_Other,0.04914085230394312,,0.2757326369157682,
tabicl,0,Prior_Revocations_Probation=No,Prior_Revocations_Probation,0.0467633653124479,,0.2757326369157682,
tabicl,0,_v2=Yes,_v2,-0.04651102871572933,,0.2757326369157682,
tabicl,0,Prior_Conviction_Episodes_Prop=1,Prior_Conviction_Episodes_Prop,-0.04004191850796501,,0.2757326369157682,
tabicl,0,Education_Level=High School Diploma,Education_Level,0.03613427369298935,,0.2757326369157682,
tabicl,1,Gang_Affiliated=Yes,Gang_Affiliated,0.15304561098083327,,0.22587663273071934,
tabicl,1,Prior_Revocations_Parole=No,Prior_Revocations_Parole,-0.07242725848244769,,0.22587663273071934,
tabicl,1,Age_at_Release=28-32,Age_at_Release,0.0644017517821155,,0.22587663273071934,
tabicl,1,Prison_Years=More than 3 years,Prison_Years,-0.053938334151712085,,0.22587663273071934,
tabicl,1,Condition_MH_SA=Yes,Condition_MH_SA,0.05345878567958915,,0.22587663273071934,
tabicl,1,Education_Level=High School Diploma,Education_Level,0.05272285169206143,,0.22587663273071934,
tabicl,1,Condition_Other=Yes,Condition_Other,0.03214339782582982,,0.22587663273071934,
tabicl,1,Supervision_Level_First=High,Supervision_Level_First,0.02836513571805437,,0.22587663273071934,
tabicl,1,Prior_Arrest_Episodes_GunCharges=Yes,Prior_Arrest_Episodes_GunCharges,0.02448709115426761,,0.22587663273071934,
tabicl,1,Prior_Revocations_Probation=No,Prior_Revocations_Probation,0.02113660374636194,,0.22587663273071934,
tabicl,2,Gang_Affiliated=Yes,Gang_Affiliated,0.1680821265177584,,0.2625044464181294,
tabicl,2,Prior_Revocations_Parole=No,Prior_Revocations_Parole,-0.07269402867555333,,0.2625044464181294,
tabicl,2,Condition_MH_SA=Yes,Condition_MH_SA,0.07224020567854578,,0.2625044464181294,
tabicl,2,Age_at_Release=28-32,Age_at_Release,0.06989713134874645,,0.2625044464181294,
tabicl,2,Prison_Years=More than 3 years,Prison_Years,-0.05857499155976268,,0.2625044464181294,
tabicl,2,_v4=No,_v4,0.05121744768973912,,0.2625044464181294,
tabicl,2,Prior_Revocations_Probation=No,Prior_Revocations_Probation,0.045993411341829625,,0.2625044464181294,
tabicl,2,Education_Level=High School Diploma,Education_Level,0.041819852175151905,,0.2625044464181294,
tabicl,2,Condition_Other=Yes,Condition_Other,0.0355898822720854,,0.2625044464181294,
tabicl,2,_v2=Yes,_v2,-0.03303682686657603,,0.2625044464181294,
