model,feature,value,contribution,base
logistic,Age_at_Release,28-32,0.15389151321233827,0.37040029525132045
logistic,Gang_Affiliated,Yes,0.693056603776383,0.37040029525132045
logistic,Supervision_Risk_Score_First,8.0,0.06275260584377139,0.37040029525132045
logistic,Supervision_Level_First,High,0.053932797642563576,0.37040029525132045
logistic,Education_Level,High School Diploma,0.09212028785939193,0.37040029525132045
logistic,Dependents,0,-0.039901265204832545,0.37040029525132045
logistic,Prison_Offense,Violent/Non-Sex,0.013187879649729351,0.37040029525132045
logistic,Prison_Years,More than 3 years,-0.15092737313536425,0.37040029525132045
logistic,Prior_Arrest_Episodes_Felony,3,-0.16095461035022135,0.37040029525132045
logistic,Prior_Arrest_Episodes_Misd,3,-0.014089708684447269,0.37040029525132045
logistic,Prior_Arrest_Episodes_Violent,1,0.032342134429134334,0.37040029525132045
logistic,Prior_Arrest_Episodes_Property,2,-0.016274615557718468,0.37040029525132045
logistic,Prior_Arrest_Episodes_Drug,0,-0.016408127799172313,0.37040029525132045
logistic,_v1,3,-0.00297605998686723,0.37040029525132045
logistic,Prior_Arrest_Episodes_DVCharges,No,-0.00658591654594389,0.37040029525132045
logistic,Prior_Arrest_Episodes_GunCharges,Yes,0.036661118902369796,0.37040029525132045
logistic,Prior_Conviction_Episodes_Felony,0,-0.030732196473213902,0.37040029525132045
logistic,Prior_Conviction_Episodes_Misd,2,0.030144519361838595,0.37040029525132045
logistic,Prior_Conviction_Episodes_Viol,No,-0.014873490226277255,0.37040029525132045
logistic,Prior_Conviction_Episodes_Prop,1,-0.021811527798404555,0.37040029525132045
logistic,Prior_Conviction_Episodes_Drug,0,0.0033752252239291577,0.37040029525132045
logistic,_v2,Yes,-0.08122452103052405,0.37040029525132045
logistic,_v3,No,0.00039558127073063983,0.37040029525132045
logistic,_v4,No,0.006838501693080595,0.37040029525132045
logistic,Prior_Revocations_Parole,No,-0.027464171085957896,0.37040029525132045
logistic,Prior_Revocations_Probation,No,0.028238601535189936,0.37040029525132045
logistic,Condition_MH_SA,Yes,0.08740689284751296,0.37040029525132045
logistic,Condition_Cog_Ed,Yes,-0.008191878462238957,0.37040029525132045
logistic,Condition_Other,Yes,0.05077870701048154,0.37040029525132045
xgboost,Age_at_Release,28-32,0.15503069758415222,0.31351128220558167
xgboost,Gang_Affiliated,Yes,0.7111526727676392,0.31351128220558167
xgboost,Supervision_Risk_Score_First,8.0,0.1271248757839203,0.31351128220558167
xgboost,Supervision_Level_First,High,0.03541532903909683,0.31351128220558167
xgboost,Education_Level,High School Diploma,0.09791290014982224,0.31351128220558167
xgboost,Dependents,0,-0.0345919094979763,0.31351128220558167
xgboost,Prison_Offense,Violent/Non-Sex,0.0203273706138134,0.31351128220558167
xgboost,Prison_Years,More than 3 years,-0.1787969470024109,0.31351128220558167
xgboost,Prior_Arrest_Episodes_Felony,3,-0.12284581363201141,0.31351128220558167
xgboost,Prior_Arrest_Episodes_Misd,3,-0.009608780965209007,0.31351128220558167
xgboost,Prior_Arrest_Episodes_Violent,1,0.009431523270905018,0.31351128220558167
xgboost,Prior_Arrest_Episodes_Property,2,-0.021248264238238335,0.31351128220558167
xgboost,Prior_Arrest_Episodes_Drug,0,-0.02101277746260166,0.31351128220558167
xgboost,_v1,3,0.04493945464491844,0.31351128220558167
xgboost,Prior_Arrest_Episodes_DVCharges,No,-0.005600938107818365,0.31351128220558167
xgboost,Prior_Arrest_Episodes_GunCharges,Yes,0.03361047804355621,0.31351128220558167
xgboost,Prior_Conviction_Episodes_Felony,0,-0.025196600705385208,0.31351128220558167
xgboost,Prior_Conviction_Episodes_Misd,2,0.03277888521552086,0.31351128220558167
xgboost,Prior_Conviction_Episodes_Viol,No,-0.018932532519102097,0.31351128220558167
xgboost,Prior_Conviction_Episodes_Prop,1,-0.015163490548729897,0.31351128220558167
xgboost,Prior_Conviction_Episodes_Drug,0,0.004306403920054436,0.31351128220558167
xgboost,_v2,Yes,-0.07381168752908707,0.31351128220558167
xgboost,_v3,No,0.001180317485705018,0.31351128220558167
xgboost,_v4,No,0.004174311179667711,0.31351128220558167
xgboost,Prior_Revocations_Parole,No,-0.0298268161714077,0.31351128220558167
xgboost,Prior_Revocations_Probation,No,0.012597466818988323,0.31351128220558167
xgboost,Condition_MH_SA,Yes,0.08756444603204727,0.31351128220558167
xgboost,Condition_Cog_Ed,Yes,-0.004056305158883333,0.31351128220558167
xgboost,Condition_Other,Yes,0.04861517250537872,0.31351128220558167
