model,feature,value,original_value,baseline_probability,changed_probability,change
logistic,Age_at_Release,18-22,33-37,0.949590146795122,0.9833259034619365,0.0337357566668145
logistic,Age_at_Release,23-27,33-37,0.949590146795122,0.9746330350334313,0.025042888238309358
logistic,Age_at_Release,28-32,33-37,0.949590146795122,0.9625727515174886,0.012982604722366564
logistic,Age_at_Release,33-37,33-37,0.949590146795122,0.949590146795122,0.0
logistic,Age_at_Release,38-42,33-37,0.949590146795122,0.9423188654876232,-0.007271281307498767
logistic,Age_at_Release,43-47,33-37,0.949590146795122,0.9310549421965564,-0.018535204598565613
logistic,Age_at_Release,48 or older,33-37,0.949590146795122,0.9108812865270421,-0.03870886026807985
xgboost,Age_at_Release,18-22,33-37,0.937201738357544,0.9708980917930603,0.03369635343551636
xgboost,Age_at_Release,23-27,33-37,0.937201738357544,0.959625780582428,0.022424042224884033
xgboost,Age_at_Release,28-32,33-37,0.937201738357544,0.9501994848251343,0.012997746467590332
xgboost,Age_at_Release,33-37,33-37,0.937201738357544,0.937201738357544,0.0
xgboost,Age_at_Release,38-42,33-37,0.937201738357544,0.9278566241264343,-0.00934511423110962
xgboost,Age_at_Release,43-47,33-37,0.937201738357544,0.9120115041732788,-0.025190234184265137
xgboost,Age_at_Release,48 or older,33-37,0.937201738357544,0.8830488920211792,-0.054152846336364746
tabicl,Age_at_Release,18-22,33-37,0.9515190124511719,0.9849435091018677,0.0334244966506958
tabicl,Age_at_Release,23-27,33-37,0.9515190124511719,0.9773432016372681,0.02582418918609619
tabicl,Age_at_Release,28-32,33-37,0.9515190124511719,0.9647704362869263,0.013251423835754395
tabicl,Age_at_Release,33-37,33-37,0.9515190124511719,0.9515190124511719,0.0
tabicl,Age_at_Release,38-42,33-37,0.9515190124511719,0.9377069473266602,-0.013812065124511719
tabicl,Age_at_Release,43-47,33-37,0.9515190124511719,0.9233392477035522,-0.02817976474761963
tabicl,Age_at_Release,48 or older,33-37,0.9515190124511719,0.9013143181800842,-0.050204694271087646
logistic,Prior_Arrest_Episodes_Felony,0,10 or more,0.949590146795122,0.9489560819245157,-0.0006340648706062435
logistic,Prior_Arrest_Episodes_Felony,1,10 or more,0.949590146795122,0.8863950497117699,-0.06319509708335214
logistic,Prior_Arrest_Episodes_Felony,2,10 or more,0.949590146795122,0.9077707406594746,-0.041819406135647386
logistic,Prior_Arrest_Episodes_Felony,3,10 or more,0.949590146795122,0.9177567978497463,-0.031833348945375706
logistic,Prior_Arrest_Episodes_Felony,4,10 or more,0.949590146795122,0.9249299194502569,-0.02466022734486506
logistic,Prior_Arrest_Episodes_Felony,5,10 or more,0.949590146795122,0.9249299194502569,-0.02466022734486506
logistic,Prior_Arrest_Episodes_Felony,6,10 or more,0.949590146795122,0.9313737603083523,-0.01821638648676971
logistic,Prior_Arrest_Episodes_Felony,7,10 or more,0.949590146795122,0.9209584991780108,-0.028631647617111233
logistic,Prior_Arrest_Episodes_Felony,8,10 or more,0.949590146795122,0.9347621839687245,-0.014827962826397534
logistic,Prior_Arrest_Episodes_Felony,9,10 or more,0.949590146795122,0.9356539899509166,-0.01393615684420535
logistic,Prior_Arrest_Episodes_Felony,10 or more,10 or more,0.949590146795122,0.949590146795122,0.0
xgboost,Prior_Arrest_Episodes_Felony,0,10 or more,0.937201738357544,0.867379367351532,-0.06982237100601196
xgboost,Prior_Arrest_Episodes_Felony,1,10 or more,0.937201738357544,0.8606947064399719,-0.07650703191757202
xgboost,Prior_Arrest_Episodes_Felony,2,10 or more,0.937201738357544,0.8895718455314636,-0.04762989282608032
xgboost,Prior_Arrest_Episodes_Felony,3,10 or more,0.937201738357544,0.8975977897644043,-0.03960394859313965
xgboost,Prior_Arrest_Episodes_Felony,4,10 or more,0.937201738357544,0.9036701321601868,-0.03353160619735718
xgboost,Prior_Arrest_Episodes_Felony,5,10 or more,0.937201738357544,0.9054292440414429,-0.031772494316101074
xgboost,Prior_Arrest_Episodes_Felony,6,10 or more,0.937201738357544,0.9068194627761841,-0.030382275581359863
xgboost,Prior_Arrest_Episodes_Felony,7,10 or more,0.937201738357544,0.9056707620620728,-0.03153097629547119
xgboost,Prior_Arrest_Episodes_Felony,8,10 or more,0.937201738357544,0.917241096496582,-0.019960641860961914
xgboost,Prior_Arrest_Episodes_Felony,9,10 or more,0.937201738357544,0.9222418665885925,-0.014959871768951416
xgboost,Prior_Arrest_Episodes_Felony,10 or more,10 or more,0.937201738357544,0.937201738357544,0.0
tabicl,Prior_Arrest_Episodes_Felony,0,10 or more,0.9515190124511719,0.9092645049095154,-0.042254507541656494
tabicl,Prior_Arrest_Episodes_Felony,1,10 or more,0.9515190124511719,0.889699399471283,-0.061819612979888916
tabicl,Prior_Arrest_Episodes_Felony,2,10 or more,0.9515190124511719,0.9032278060913086,-0.04829120635986328
tabicl,Prior_Arrest_Episodes_Felony,3,10 or more,0.9515190124511719,0.9144096970558167,-0.037109315395355225
tabicl,Prior_Arrest_Episodes_Felony,4,10 or more,0.9515190124511719,0.9200904369354248,-0.03142857551574707
tabicl,Prior_Arrest_Episodes_Felony,5,10 or more,0.9515190124511719,0.9232622981071472,-0.028256714344024658
tabicl,Prior_Arrest_Episodes_Felony,6,10 or more,0.9515190124511719,0.9298661947250366,-0.021652817726135254
tabicl,Prior_Arrest_Episodes_Felony,7,10 or more,0.9515190124511719,0.91916823387146,-0.032350778579711914
tabicl,Prior_Arrest_Episodes_Felony,8,10 or more,0.9515190124511719,0.9330183863639832,-0.01850062608718872
tabicl,Prior_Arrest_Episodes_Felony,9,10 or more,0.9515190124511719,0.9345943927764893,-0.016924619674682617
tabicl,Prior_Arrest_Episodes_Felony,10 or more,10 or more,0.9515190124511719,0.9515190124511719,0.0
logistic,Supervision_Risk_Score_First,1.0,9.0,0.949590146795122,0.9334303610577318,-0.016159785737390187
logistic,Supervision_Risk_Score_First,2.0,9.0,0.949590146795122,0.9356871073748553,-0.013903039420266716
logistic,Supervision_Risk_Score_First,3.0,9.0,0.949590146795122,0.9378724408246184,-0.011717705970503589
logistic,Supervision_Risk_Score_First,4.0,9.0,0.949590146795122,0.9399882798629986,-0.009601866932123393
logistic,Supervision_Risk_Score_First,5.0,9.0,0.949590146795122,0.942036514507502,-0.00755363228761996
logistic,Supervision_Risk_Score_First,6.0,9.0,0.949590146795122,0.9440190050579361,-0.00557114173718587
logistic,Supervision_Risk_Score_First,7.0,9.0,0.949590146795122,0.9459375809725675,-0.0036525658225544655
logistic,Supervision_Risk_Score_First,8.0,9.0,0.949590146795122,0.9477940398909797,-0.001796106904142336
logistic,Supervision_Risk_Score_First,9.0,9.0,0.949590146795122,0.949590146795122,0.0
logistic,Supervision_Risk_Score_First,10.0,9.0,0.949590146795122,0.9513276333002296,0.0017374865051076327
xgboost,Supervision_Risk_Score_First,1.0,9.0,0.937201738357544,0.9206398725509644,-0.01656186580657959
xgboost,Supervision_Risk_Score_First,2.0,9.0,0.937201738357544,0.9129164218902588,-0.024285316467285156
xgboost,Supervision_Risk_Score_First,3.0,9.0,0.937201738357544,0.9130805730819702,-0.02412116527557373
xgboost,Supervision_Risk_Score_First,4.0,9.0,0.937201738357544,0.9235434532165527,-0.013658285140991211
xgboost,Supervision_Risk_Score_First,5.0,9.0,0.937201738357544,0.924502968788147,-0.012698769569396973
xgboost,Supervision_Risk_Score_First,6.0,9.0,0.937201738357544,0.9320340156555176,-0.005167722702026367
xgboost,Supervision_Risk_Score_First,7.0,9.0,0.937201738357544,0.9347878098487854,-0.002413928508758545
xgboost,Supervision_Risk_Score_First,8.0,9.0,0.937201738357544,0.935672402381897,-0.0015293359756469727
xgboost,Supervision_Risk_Score_First,9.0,9.0,0.937201738357544,0.937201738357544,0.0
xgboost,Supervision_Risk_Score_First,10.0,9.0,0.937201738357544,0.9392223358154297,0.002020597457885742
tabicl,Supervision_Risk_Score_First,1.0,9.0,0.9515190124511719,0.9378969073295593,-0.013622105121612549
tabicl,Supervision_Risk_Score_First,2.0,9.0,0.9515190124511719,0.9329505562782288,-0.018568456172943115
tabicl,Supervision_Risk_Score_First,3.0,9.0,0.9515190124511719,0.9362332224845886,-0.015285789966583252
tabicl,Supervision_Risk_Score_First,4.0,9.0,0.9515190124511719,0.9401946067810059,-0.011324405670166016
tabicl,Supervision_Risk_Score_First,5.0,9.0,0.9515190124511719,0.9412234425544739,-0.010295569896697998
tabicl,Supervision_Risk_Score_First,6.0,9.0,0.9515190124511719,0.9446099400520325,-0.006909072399139404
tabicl,Supervision_Risk_Score_First,7.0,9.0,0.9515190124511719,0.9469466209411621,-0.004572391510009766
tabicl,Supervision_Risk_Score_First,8.0,9.0,0.9515190124511719,0.9502522349357605,-0.001266777515411377
tabicl,Supervision_Risk_Score_First,9.0,9.0,0.9515190124511719,0.9515190124511719,0.0
tabicl,Supervision_Risk_Score_First,10.0,9.0,0.9515190124511719,0.9542937278747559,0.0027747154235839844
