encoding,C,penalty,cv_roc_auc,cv_roc_auc_sd,cv_brier
onehot,0.21544,l1,0.7323853355798537,0.004580251039440271,0.20439781723974787
onehot,0.1,l1,0.7323371276897606,0.004584260827781974,0.20446214006945387
onehot,0.46416,l1,0.7323296310736205,0.004566919141779052,0.2044089673187588
onehot,0.1,l2,0.7323100439659398,0.004508926580050762,0.20441089460645273
onehot,0.04642,l2,0.7322798058301814,0.004507261904204531,0.20443357703094417
onehot,0.21544,l2,0.732270125595022,0.004541850117599248,0.20442191846231111
onehot,1.0,l1,0.7322543513115176,0.004568638487737641,0.20442679838599057
onehot,0.46416,l2,0.7322289482229299,0.00455137287358978,0.20443396360076385
onehot,2.15443,l1,0.7322235816568565,0.004570415344042116,0.20443878599768145
onehot,1.0,l2,0.7322193642558869,0.00456116098918266,0.2044412763883059
onehot,2.15443,l2,0.7322134367158669,0.004563716172944044,0.2044451317598303
onehot,4.64159,l1,0.7322119180857728,0.0045698738562861205,0.20444336722396797
onehot,4.64159,l2,0.7322087078755785,0.0045680993199975015,0.20444699310528264
onehot,10.0,l1,0.732208422918793,0.004573410791353454,0.2044458759167806
onehot,10.0,l2,0.7322069419602422,0.004569117058616755,0.20444785040554944
onehot,0.02154,l2,0.7318879403621159,0.004403390021470886,0.20459580758497467
onehot,0.04642,l1,0.7316835484805388,0.004265926136869176,0.2048301752641875
ordinal,0.02154,l2,0.7314983812541747,0.002761351160168939,0.20479180436304154
ordinal,0.04642,l2,0.7314910386775985,0.002729961481516696,0.20479561259949702
ordinal,0.1,l2,0.7314658871223998,0.002732197098020059,0.204805823953255
ordinal,0.46416,l1,0.7314537551685982,0.0026327305392898764,0.2048180069892588
ordinal,0.21544,l2,0.7314535947069978,0.0027263620091053905,0.20481306029884166
ordinal,0.01,l2,0.7314512265504265,0.0028500724025864567,0.20483664235667617
ordinal,0.46416,l2,0.7314471034261893,0.0027279299018035034,0.2048170505959665
ordinal,1.0,l1,0.7314454481099543,0.0026700804937782882,0.20481784260031927
ordinal,4.64159,l1,0.7314407315419832,0.0027128392940795423,0.20481976812975625
ordinal,2.15443,l1,0.7314403811191006,0.0027004117180487374,0.20481915175791485
ordinal,1.0,l2,0.7314342377883234,0.0027270505498123952,0.20481906535797387
ordinal,10.0,l1,0.7314337947702552,0.0027211988171991983,0.20482004910418755
ordinal,0.21544,l1,0.731432147234087,0.002517890366724146,0.20482678102922355
ordinal,2.15443,l2,0.7314310218037819,0.0027274334609050347,0.20482002765326626
ordinal,4.64159,l2,0.7314304224920518,0.002726646146403004,0.20482047434828346
ordinal,10.0,l2,0.7314303280293533,0.002726032398674465,0.20482068738564135
ordinal,0.1,l1,0.73137166780797,0.0023002008951217225,0.2048539548068574
ordinal,0.04642,l1,0.7310974776809631,0.002049818255823853,0.20497563208335184
ordinal,0.00464,l2,0.7310220572621596,0.0031135812825710037,0.2050598441412609
onehot,0.01,l2,0.7307682999619708,0.004210600805388837,0.2051213275399503
ordinal,0.02154,l1,0.7304278797216511,0.00212782704210562,0.2052858933812189
ordinal,0.00215,l2,0.7296443937683087,0.0037028488920601526,0.20574802866155512
ordinal,0.01,l1,0.7291198178068566,0.0029095547865432723,0.20595145524412609
onehot,0.02154,l1,0.7284128216423778,0.003380872650569591,0.20635986634441447
onehot,0.00464,l2,0.7282840018633384,0.003947346997553117,0.20632441646599883
ordinal,0.001,l2,0.7266433865027971,0.00465653691412808,0.20732757763207416
ordinal,0.00464,l1,0.7256340690299405,0.003978277001590321,0.20813788426344165
onehot,0.00215,l2,0.7238173820471023,0.0040058735591711175,0.20855623311445703
onehot,0.01,l1,0.717611589226277,0.0027565998705631196,0.2106967206944795
onehot,0.001,l2,0.7173940503630318,0.004519666571379418,0.2121378898478147
ordinal,0.00215,l1,0.7126885189191201,0.004601495947703332,0.2153962890356059
onehot,0.00464,l1,0.7002518002215821,0.0030156991145840963,0.21821429586021787
ordinal,0.001,l1,0.6925293109188948,0.004422806838876056,0.23408038260316552
onehot,0.00215,l1,0.6546735987441884,0.0056480847599458765,0.23174588498310428
onehot,0.001,l1,0.6118937748719497,0.0036515768605354633,0.2454275798439388
