feature,coefficient,odds_ratio_per_transformed_unit,nonzero
Supervision_Risk_Score_First,0.08712307977307045,1.091030955297195,True
missingindicator_Supervision_Risk_Score_First,0.014611983549249436,1.0147192604534638,True
Age_at_Release_18-22,1.14124038411615,3.1306491653450825,True
Age_at_Release_23-27,0.712769479161461,2.0396321626296987,True
Age_at_Release_28-32,0.3113668300920078,1.3652899587789338,True
Age_at_Release_33-37,0.0,1.0,False
Age_at_Release_38-42,-0.1424302571789624,0.8672480365077356,True
Age_at_Release_43-47,-0.33283544499395534,0.7168881519843403,True
Age_at_Release_48 or older,-0.6114005735886113,0.542590398869479,True
Gang_Affiliated_No,-0.1383973288161819,0.8707526478849806,True
Gang_Affiliated_Yes,0.7172281079447846,2.048746428763235,True
Supervision_Level_First_High,0.042211636783937086,1.0431152169415683,True
Supervision_Level_First_Specialized,0.0,1.0,False
Supervision_Level_First_Standard,-0.05350095263211108,0.9479050379985956,True
Education_Level_At least some college,-0.027490313070730774,0.9728841067673375,True
Education_Level_High School Diploma,0.14914701847251238,1.1608436421233035,True
Education_Level_Less than HS diploma,0.0,1.0,False
Dependents_0,-0.05048673692360712,0.9507665386779373,True
Dependents_1,0.006787375040424015,1.006810461472929,True
Dependents_2,0.0,1.0,False
Dependents_3 or more,0.0,1.0,False
Prison_Offense_Drug,-0.10946217430893539,0.8963160674955656,True
Prison_Offense_Other,0.0,1.0,False
Prison_Offense_Property,0.06518064074138502,1.0673518141938558,True
Prison_Offense_Violent/Non-Sex,0.020466434803116374,1.020677308433416,True
Prison_Offense_Violent/Sex,-0.20922720178966742,0.8112109061345357,True
Prison_Years_1-2 years,0.008568341638199323,1.0086051549452932,True
Prison_Years_Greater than 2 to 3 years,-0.19295938444330565,0.824515461613524,True
Prison_Years_Less than 1 year,0.2504154096198996,1.2845589240023925,True
Prison_Years_More than 3 years,-0.16183482304783917,0.8505816894285043,True
Prior_Arrest_Episodes_Felony_0,0.41138023107352073,1.5088989777749953,True
Prior_Arrest_Episodes_Felony_1,-0.4568602378589039,0.6332688408871752,True
Prior_Arrest_Episodes_Felony_10 or more,0.42454792370529365,1.5288990843739612,True
Prior_Arrest_Episodes_Felony_2,-0.22458145549142386,0.7988505032893449,True
Prior_Arrest_Episodes_Felony_3,-0.09904419547534121,0.9057026791785839,True
Prior_Arrest_Episodes_Felony_4,0.0,1.0,False
Prior_Arrest_Episodes_Felony_5,0.0,1.0,False
Prior_Arrest_Episodes_Felony_6,0.09668980614281274,1.1015186363067833,True
Prior_Arrest_Episodes_Felony_7,-0.05585395406829585,0.945677238118849,True
Prior_Arrest_Episodes_Felony_8,0.15095695965663994,1.1629466033835232,True
Prior_Arrest_Episodes_Felony_9,0.16567492375043882,1.1801893878185525,True
Prior_Arrest_Episodes_Misd_0,-0.192048771501113,0.8252666180183732,True
Prior_Arrest_Episodes_Misd_1,-0.08565948547122064,0.917906738591036,True
Prior_Arrest_Episodes_Misd_2,-0.0032847854336250427,0.996720603571857,True
Prior_Arrest_Episodes_Misd_3,0.0,1.0,False
Prior_Arrest_Episodes_Misd_4,0.07113456951380777,1.0737257068931083,True
Prior_Arrest_Episodes_Misd_5,0.06345626870556734,1.0655128885247447,True
Prior_Arrest_Episodes_Misd_6 or more,0.19701029194192096,1.2177565737213443,True
Prior_Arrest_Episodes_Violent_0,-0.08028929659840563,0.9228493305929362,True
Prior_Arrest_Episodes_Violent_1,-0.005199200184463111,0.9948142922633758,True
Prior_Arrest_Episodes_Violent_2,0.01002903328089091,1.0100794925800884,True
Prior_Arrest_Episodes_Violent_3 or more,0.012728267797661615,1.012809616976536,True
Prior_Arrest_Episodes_Property_0,-0.18085533058742767,0.8345560847014313,True
Prior_Arrest_Episodes_Property_1,-0.06514126697726706,0.9369350960391438,True
Prior_Arrest_Episodes_Property_2,-0.015358577784161125,0.984758763670915,True
Prior_Arrest_Episodes_Property_3,0.00706375782642839,1.0070887650106313,True
Prior_Arrest_Episodes_Property_4,0.13523641383231236,1.144807400666185,True
Prior_Arrest_Episodes_Property_5 or more,0.24079487155121848,1.2722600318127508,True
Prior_Arrest_Episodes_Drug_0,-0.0266243161972771,0.9737269862748634,True
Prior_Arrest_Episodes_Drug_1,-0.034880427056008384,0.9657208834431608,True
Prior_Arrest_Episodes_Drug_2,0.02586224652761044,1.02619957618142,True
Prior_Arrest_Episodes_Drug_3,0.04882789164465751,1.0500396145962614,True
Prior_Arrest_Episodes_Drug_4,0.036668242870539464,1.037348815879684,True
Prior_Arrest_Episodes_Drug_5 or more,-0.0788877181737052,0.9241436831603729,True
_v1_0,-0.24163565461248704,0.7853422612625346,True
_v1_1,-0.057327366367696295,0.9442848916470421,True
_v1_2,-0.0003112809600527707,0.9996887674828387,True
_v1_3,0.008921233599294582,1.0089611464059605,True
_v1_4,0.029533299235402367,1.0299737322386286,True
_v1_5 or more,0.2784592301099484,1.3210927434921236,True
Prior_Arrest_Episodes_DVCharges_No,-0.008021353017568398,0.9920107321883123,True
Prior_Arrest_Episodes_DVCharges_Yes,0.051850615581921514,1.053218396343877,True
Prior_Arrest_Episodes_GunCharges_No,-0.021344936986783063,0.9788812539782055,True
Prior_Arrest_Episodes_GunCharges_Yes,0.02506154263646984,1.0253782230618866,True
Prior_Conviction_Episodes_Felony_0,-0.02199122918247412,0.9782488150554349,True
Prior_Conviction_Episodes_Felony_1,-0.0005592354386987059,0.9994409209042937,True
Prior_Conviction_Episodes_Felony_2,0.05399913350686043,1.0554836875853095,True
Prior_Conviction_Episodes_Felony_3 or more,0.024213971083472494,1.0245095098492651,True
Prior_Conviction_Episodes_Misd_0,-0.1954601314020103,0.822456133083476,True
Prior_Conviction_Episodes_Misd_1,-0.048150496397098244,0.952990354669898,True
Prior_Conviction_Episodes_Misd_2,0.0,1.0,False
Prior_Conviction_Episodes_Misd_3,0.018542973833726457,1.0187159623593125,True
Prior_Conviction_Episodes_Misd_4 or more,0.1407826661582923,1.151174431633786,True
Prior_Conviction_Episodes_Viol_No,-0.002477279771610962,0.9975257861536817,True
Prior_Conviction_Episodes_Viol_Yes,0.052609721066452945,1.054018203735633,True
Prior_Conviction_Episodes_Prop_0,0.004605073952363442,1.004615693600581,True
Prior_Conviction_Episodes_Prop_1,-0.020750321001428096,0.9794634855045168,True
Prior_Conviction_Episodes_Prop_2,-0.0005737924681747704,0.9994263721192423,True
Prior_Conviction_Episodes_Prop_3 or more,0.020735093147446614,1.0209515587473632,True
Prior_Conviction_Episodes_Drug_0,0.0,1.0,False
Prior_Conviction_Episodes_Drug_1,0.0,1.0,False
Prior_Conviction_Episodes_Drug_2 or more,-0.011250750746430525,0.988812302263648,True
_v2_No,0.08688277615872225,1.0907688081139908,True
_v2_Yes,-0.03083392098696478,0.9696365959932577,True
_v3_No,0.0033480738722780493,1.0033536849319384,True
_v3_Yes,-0.0010472735802846164,0.998953274619303,True
_v4_No,0.02595576168615351,1.0262955458847245,True
_v4_Yes,-0.031031752422851454,0.9694447903664009,True
Prior_Revocations_Parole_No,-0.013175798815394846,0.98691062205079,True
Prior_Revocations_Parole_Yes,0.33012633975907885,1.3911438741436164,True
Prior_Revocations_Probation_No,0.04858338296582569,1.0497829021828609,True
Prior_Revocations_Probation_Yes,-0.10829773667411838,0.8973603795573823,True
Condition_MH_SA_No,-0.16259681139362459,0.8499338029663365,True
Condition_MH_SA_Yes,0.10227256087156623,1.1076853422693258,True
Condition_Cog_Ed_No,0.013212707197159607,1.0133003807222392,True
Condition_Cog_Ed_Yes,0.0,1.0,False
Condition_Other_No,-0.017663412174302277,0.9824916714460915,True
Condition_Other_Yes,0.054877597840671345,1.0564112997372148,True
