group,contrast,log_odds,odds_ratio
Age,18-22 vs 48+,1.7526409577047612,5.769820424150493
Age,23-27 vs 48+,1.3241700527500724,3.7590642349724575
Age,28-32 vs 48+,0.922767403680619,2.516244226996277
Age,33-37 vs 48+,0.6114005735886113,1.843010864334427
Age,38-42 vs 48+,0.4689703164096489,1.5983475533564566
Age,43-47 vs 48+,0.27856512859465604,1.321232652619769
Prior felony arrests,0 vs 1,0.8682404689324246,2.382714702433661
Prior felony arrests,2 vs 1,0.2322787823674801,1.2614713557834283
Prior felony arrests,3 vs 1,0.3578160423835627,1.4302024996362426
Prior felony arrests,4 vs 1,0.4568602378589039,1.5791081692872404
Prior felony arrests,5 vs 1,0.4568602378589039,1.5791081692872404
Prior felony arrests,6 vs 1,0.5535500440017166,1.7394170772141822
Prior felony arrests,7 vs 1,0.4010062837906081,1.4933266522224693
Prior felony arrests,8 vs 1,0.6078171975155438,1.8364184818477696
Prior felony arrests,9 vs 1,0.6225351616093426,1.8636467036103834
Prior felony arrests,10 or more vs 1,0.8814081615641975,2.414297034150704
Other,Gang affiliated: Yes vs No,0.8556254367609666,2.352845476542103
Other,Georgia risk score: 10 vs 1,0.3321293090750156,1.3939330850570173
Other,Parole/probation-violation arrests: 5+ vs 0,0.5200948847224354,1.6821872559975366
Other,Parole revoked before: Yes vs No,0.3433021385744736,1.4095945904937508
Other,Mental health / substance abuse: Yes vs No,0.2648693722651907,1.303260722662654
