fold,model,selected_feature,selection_p_in_training,baseline_auc,baseline_p_equal_opportunity,baseline_fnr_gap,mitigated_auc,mitigated_p_equal_opportunity,mitigated_fnr_gap,auc_change,fnr_gap_change
1,logistic,Gang_Affiliated,0.9922353229858863,0.7342137769527417,0.0005409031910733617,-0.11598152376342852,0.7234594785122112,0.33435349765897776,-0.031965151881819365,-0.010754298440530552,-0.08401637188160915
1,xgboost,Gang_Affiliated,0.6916291644845967,0.7355480149111812,8.371455138822102e-05,-0.1310013573089509,0.7260762495554642,0.24532034159344585,-0.03850969581549024,-0.009471765355716921,-0.09249166149346066
2,logistic,Gang_Affiliated,0.6975310558691572,0.7489643787928237,8.016683413475669e-07,-0.16585699104296348,0.7352128553567403,0.007000406535099572,-0.08974050245258425,-0.013751523436083435,-0.07611648859037923
2,xgboost,Gang_Affiliated,0.6504757669607413,0.7543725965972784,1.054642217934562e-06,-0.16373159253074243,0.7413758145357481,0.04588582124183553,-0.0667040094648289,-0.012996782061530321,-0.09702758306591353
3,logistic,Gang_Affiliated,0.67287700310476,0.7304068479952381,0.12291098516672906,-0.05179343651687174,0.7217853755917686,0.419573107157031,0.02690943908418475,-0.008621472403469554,-0.02488399743268699
3,xgboost,Gang_Affiliated,0.4105843489041172,0.731217574108217,0.10250034302441824,-0.05498153428520325,0.7246997649319893,0.391461849877211,0.028671836365358194,-0.006517809176227685,-0.026309697919845054
4,logistic,Gang_Affiliated,0.461106005026618,0.7204638894252064,8.747566735173338e-07,-0.1647867762334151,0.7134384452596472,0.028018491321449377,-0.07335781399606489,-0.00702544416555928,-0.0914289622373502
4,xgboost,Gang_Affiliated,0.7249573316719335,0.7214955119687144,1.258320655628955e-07,-0.17734451447270128,0.7144230611490319,0.016159841793640255,-0.08043370755779089,-0.007072450819682552,-0.09691080691491039
5,logistic,Gang_Affiliated,0.21927729316420594,0.730073279903488,0.00747262603337849,-0.08927199840069022,0.7190440676340573,0.7861227478350978,-0.008975073915468035,-0.011029212269430766,-0.08029692448522219
5,xgboost,Gang_Affiliated,0.6514884947801722,0.7331083639034326,0.0013242959475507888,-0.10731158131753671,0.7227979748650057,0.6620498769203175,-0.014456918593028334,-0.010310389038426848,-0.09285466272450837
