model,feature,level,reference,average_probability_contrast,sd_contrast,n_with_level
logistic,Age_at_Release,38-42,23-27,-0.17423304305173368,0.03639981067460065,953
logistic,Age_at_Release,33-37,23-27,-0.1438336684961946,0.031914952536761444,1296
logistic,Age_at_Release,48 or older,23-27,-0.27404118100788505,0.04764238999906104,1086
logistic,Age_at_Release,43-47,23-27,-0.21501295115924487,0.04151204705039747,762
logistic,Age_at_Release,28-32,23-27,-0.07872152036407369,0.019887243973839317,1533
logistic,Age_at_Release,18-22,23-27,0.07429491387515012,0.02525486964769018,612
logistic,Gang_Affiliated,Yes,No,0.16787461684864516,0.037196633696336794,1157
logistic,Supervision_Level_First,High,Standard,0.019613590092134467,0.0044413123599873865,2106
logistic,Supervision_Level_First,Specialized,Standard,0.01099437369677532,0.0024708236793565784,2181
logistic,Education_Level,Less than HS diploma,High School Diploma,-0.03055169395186334,0.006891967297194651,2956
logistic,Education_Level,At least some college,High School Diploma,-0.03624491451997573,0.008130521760293647,1407
logistic,Dependents,3 or more,0,0.010348046376474056,0.002347535470448554,2345
logistic,Dependents,1,0,0.011734028111515754,0.0026651042503633335,1618
logistic,Dependents,2,0,0.010348046376474056,0.002347535470448554,1406
logistic,Prison_Offense,Drug,Property,-0.036018500022852964,0.007963849567080173,1573
logistic,Prison_Offense,Other,Property,-0.01335120346027904,0.0030160754478448255,866
logistic,Prison_Offense,Violent/Non-Sex,Property,-0.009146010747243095,0.002074905892217288,1678
logistic,Prison_Offense,Violent/Sex,Property,-0.05688610641123854,0.012359256374527245,247
logistic,Prison_Years,More than 3 years,1-2 years,-0.03558933033075404,0.007491844202881231,1654
logistic,Prison_Years,Greater than 2 to 3 years,1-2 years,-0.04214754892927503,0.008828098248243441,1272
logistic,Prison_Years,Less than 1 year,1-2 years,0.04912939990964713,0.011258321613791913,2426
logistic,Prior_Arrest_Episodes_Felony,4,10 or more,-0.08705977983736964,0.01930960691367279,840
logistic,Prior_Arrest_Episodes_Felony,6,10 or more,-0.06668832896201592,0.01528481580204253,649
logistic,Prior_Arrest_Episodes_Felony,9,10 or more,-0.052319385867183044,0.012277206622774359,367
logistic,Prior_Arrest_Episodes_Felony,2,10 or more,-0.13510300318561153,0.027827248759208043,746
logistic,Prior_Arrest_Episodes_Felony,5,10 or more,-0.08705977983736964,0.01930960691367279,785
logistic,Prior_Arrest_Episodes_Felony,8,10 or more,-0.05537213336121481,0.01292839699340728,479
logistic,Prior_Arrest_Episodes_Felony,7,10 or more,-0.09892997004155488,0.021534249772589352,526
logistic,Prior_Arrest_Episodes_Felony,3,10 or more,-0.10815068383605242,0.023205164673500228,818
logistic,Prior_Arrest_Episodes_Felony,1,10 or more,-0.1851649436349921,0.035563655690948076,703
logistic,Prior_Arrest_Episodes_Felony,0,10 or more,-0.0025904247479394994,0.0006607976362474816,61
logistic,Prior_Arrest_Episodes_Misd,0,6 or more,-0.08104203728711888,0.017065335194361545,1246
logistic,Prior_Arrest_Episodes_Misd,1,6 or more,-0.05853653716517064,0.012642359488701427,1034
logistic,Prior_Arrest_Episodes_Misd,3,6 or more,-0.04056950112252685,0.00895445789248495,866
logistic,Prior_Arrest_Episodes_Misd,4,6 or more,-0.025785216880719518,0.0057993165045870055,683
logistic,Prior_Arrest_Episodes_Misd,2,6 or more,-0.0412553967561686,0.009098085936219164,925
logistic,Prior_Arrest_Episodes_Misd,5,6 or more,-0.027374316524204027,0.00614405550689447,580
logistic,Prior_Arrest_Episodes_Violent,1,0,0.01541291468525568,0.0034756372009536766,2204
logistic,Prior_Arrest_Episodes_Violent,3 or more,0,0.01906994963949582,0.004313901161369384,1149
logistic,Prior_Arrest_Episodes_Violent,2,0,0.01851992847699177,0.004187471804825845,1110
logistic,Prior_Arrest_Episodes_Property,3,0,0.03948796214509612,0.008171705519024857,801
logistic,Prior_Arrest_Episodes_Property,1,0,0.02440590798678193,0.005000712555447749,1583
logistic,Prior_Arrest_Episodes_Property,2,0,0.03481854918306375,0.007182256090598271,1166
logistic,Prior_Arrest_Episodes_Property,5 or more,0,0.08721479005702036,0.018785324302496742,1703
logistic,Prior_Arrest_Episodes_Property,4,0,0.06589477388010946,0.013919909673153211,598
logistic,Prior_Arrest_Episodes_Drug,2,0,0.010731615769397265,0.0024473151420241947,1272
logistic,Prior_Arrest_Episodes_Drug,4,0,0.012931428142974186,0.00295495374761305,623
logistic,Prior_Arrest_Episodes_Drug,3,0,0.015402671788835401,0.0035277700286790088,880
logistic,Prior_Arrest_Episodes_Drug,1,0,-0.0016947806388653566,0.0003822644365436949,1629
logistic,Prior_Arrest_Episodes_Drug,5 or more,0,-0.010756734145295953,0.002408023193217678,964
logistic,_v1,5 or more,0,0.10867182960463563,0.022325508005383035,1852
logistic,_v1,3,0,0.05331206678278732,0.010449636328867185,855
logistic,_v1,4,0,0.05763352457919885,0.011330752161538268,685
logistic,_v1,1,0,0.039344402262755804,0.0076433038048739806,1313
logistic,_v1,2,0,0.05137249009920463,0.01005624248691896,1121
logistic,Prior_Arrest_Episodes_DVCharges,Yes,No,0.012235334392928116,0.0027960078054006824,1283
logistic,Prior_Arrest_Episodes_GunCharges,Yes,No,0.009492118061195612,0.0021640025837500612,2118
logistic,Prior_Conviction_Episodes_Felony,1,0,0.0044055170067666335,0.0009909401497522504,2130
logistic,Prior_Conviction_Episodes_Felony,3 or more,0,0.009482877990241148,0.002142344485464742,2072
logistic,Prior_Conviction_Episodes_Felony,2,0,0.015564972602047932,0.0035354482781476274,1321
logistic,Prior_Conviction_Episodes_Misd,4 or more,0,0.06963814696052119,0.014992628200370678,1763
logistic,Prior_Conviction_Episodes_Misd,1,0,0.030881671829003723,0.006437573901670599,1658
logistic,Prior_Conviction_Episodes_Misd,2,0,0.04086357834307612,0.008582499267423271,1210
logistic,Prior_Conviction_Episodes_Misd,3,0,0.04469009711448487,0.009414624700087507,864
logistic,Prior_Conviction_Episodes_Viol,Yes,No,0.01126897522984823,0.002569147900695543,2536
logistic,Prior_Conviction_Episodes_Prop,2,0,-0.0010604587238173175,0.0002413458358245303,984
logistic,Prior_Conviction_Episodes_Prop,1,0,-0.005198669978538894,0.0011788263900076878,1773
logistic,Prior_Conviction_Episodes_Prop,3 or more,0,0.0032982230370882607,0.0007535947993378962,1636
logistic,Prior_Conviction_Episodes_Drug,2 or more,0,-0.00230322105663622,0.0005245603705881466,2072
logistic,Prior_Conviction_Episodes_Drug,1,0,0.0,0.0,1997
logistic,_v2,Yes,No,-0.024042834228203986,0.005513969947197479,2541
logistic,_v3,Yes,No,-0.0008998641691778298,0.00020493261859980022,659
logistic,_v4,Yes,No,-0.011690767927122708,0.002648545632456348,1061
logistic,Prior_Revocations_Parole,Yes,No,0.06890484209405204,0.01644259381265402,769
logistic,Prior_Revocations_Probation,Yes,No,-0.03225128282739349,0.007262189975785411,1117
logistic,Condition_MH_SA,No,Yes,-0.054898118073116675,0.011828498642921528,2640
logistic,Condition_Cog_Ed,Yes,No,-0.002704322041846909,0.0006165102262203656,3421
logistic,Condition_Other,Yes,No,0.014822277746082009,0.00338773641571057,2556
xgboost,Age_at_Release,38-42,23-27,-0.1696198433637619,0.05596408247947693,953
xgboost,Age_at_Release,33-37,23-27,-0.13484492897987366,0.050110384821891785,1296
xgboost,Age_at_Release,48 or older,23-27,-0.25769200921058655,0.05252007022500038,1086
xgboost,Age_at_Release,43-47,23-27,-0.20650725066661835,0.05161002650856972,762
xgboost,Age_at_Release,28-32,23-27,-0.07130299508571625,0.028048580512404442,1533
xgboost,Age_at_Release,18-22,23-27,0.06573402136564255,0.024362970143556595,612
xgboost,Gang_Affiliated,Yes,No,0.15602174401283264,0.044377777725458145,1157
xgboost,Supervision_Level_First,High,Standard,0.011763358488678932,0.005260112229734659,2106
xgboost,Supervision_Level_First,Specialized,Standard,0.006738165393471718,0.0032839085906744003,2181
xgboost,Education_Level,Less than HS diploma,High School Diploma,-0.02774694561958313,0.00963497068732977,2956
xgboost,Education_Level,At least some college,High School Diploma,-0.035648126155138016,0.012861495837569237,1407
xgboost,Dependents,3 or more,0,0.009549709036946297,0.009219709783792496,2345
xgboost,Dependents,1,0,0.008400511927902699,0.007363385986536741,1618
xgboost,Dependents,2,0,0.009542166255414486,0.009101707488298416,1406
xgboost,Prison_Offense,Drug,Property,-0.03041256032884121,0.01690886914730072,1573
xgboost,Prison_Offense,Other,Property,-0.009986238554120064,0.0060981824062764645,866
xgboost,Prison_Offense,Violent/Non-Sex,Property,-0.008526258170604706,0.006778527516871691,1678
xgboost,Prison_Offense,Violent/Sex,Property,-0.039581891149282455,0.015582873485982418,247
xgboost,Prison_Years,More than 3 years,1-2 years,-0.046518318355083466,0.01980244368314743,1654
xgboost,Prison_Years,Greater than 2 to 3 years,1-2 years,-0.041285738348960876,0.017008835449814796,1272
xgboost,Prison_Years,Less than 1 year,1-2 years,0.0461212582886219,0.016906514763832092,2426
xgboost,Prior_Arrest_Episodes_Felony,4,10 or more,-0.07245863229036331,0.026083240285515785,840
xgboost,Prior_Arrest_Episodes_Felony,6,10 or more,-0.06575281172990799,0.02468947134912014,649
xgboost,Prior_Arrest_Episodes_Felony,9,10 or more,-0.0316946841776371,0.010570952668786049,367
xgboost,Prior_Arrest_Episodes_Felony,2,10 or more,-0.11537715047597885,0.03263487294316292,746
xgboost,Prior_Arrest_Episodes_Felony,5,10 or more,-0.06901656091213226,0.02526605874300003,785
xgboost,Prior_Arrest_Episodes_Felony,8,10 or more,-0.0420556366443634,0.014971956610679626,479
xgboost,Prior_Arrest_Episodes_Felony,7,10 or more,-0.06884139031171799,0.02510235831141472,526
xgboost,Prior_Arrest_Episodes_Felony,3,10 or more,-0.09274808317422867,0.031476542353630066,818
xgboost,Prior_Arrest_Episodes_Felony,1,10 or more,-0.1506149023771286,0.030221642926335335,703
xgboost,Prior_Arrest_Episodes_Felony,0,10 or more,-0.08856125921010971,0.05133186653256416,61
xgboost,Prior_Arrest_Episodes_Misd,0,6 or more,-0.08058474957942963,0.023990510031580925,1246
xgboost,Prior_Arrest_Episodes_Misd,1,6 or more,-0.05940847843885422,0.018283739686012268,1034
xgboost,Prior_Arrest_Episodes_Misd,3,6 or more,-0.03838786110281944,0.012645455077290535,866
xgboost,Prior_Arrest_Episodes_Misd,4,6 or more,-0.023181898519396782,0.007086141034960747,683
xgboost,Prior_Arrest_Episodes_Misd,2,6 or more,-0.04341017082333565,0.014309646561741829,925
xgboost,Prior_Arrest_Episodes_Misd,5,6 or more,-0.016313061118125916,0.005032150540500879,580
xgboost,Prior_Arrest_Episodes_Violent,1,0,0.0106829684227705,0.006153154652565718,2204
xgboost,Prior_Arrest_Episodes_Violent,3 or more,0,0.025288602337241173,0.01020845491439104,1149
xgboost,Prior_Arrest_Episodes_Violent,2,0,0.02146068587899208,0.009407895617187023,1110
xgboost,Prior_Arrest_Episodes_Property,3,0,0.046076007187366486,0.013142043724656105,801
xgboost,Prior_Arrest_Episodes_Property,1,0,0.017365388572216034,0.006804619915783405,1583
xgboost,Prior_Arrest_Episodes_Property,2,0,0.0327967144548893,0.009743907488882542,1166
xgboost,Prior_Arrest_Episodes_Property,5 or more,0,0.08368843048810959,0.022612189874053,1703
xgboost,Prior_Arrest_Episodes_Property,4,0,0.07228029519319534,0.021729689091444016,598
xgboost,Prior_Arrest_Episodes_Drug,2,0,0.011419924907386303,0.006355341989547014,1272
xgboost,Prior_Arrest_Episodes_Drug,4,0,0.013912895694375038,0.007988320663571358,623
xgboost,Prior_Arrest_Episodes_Drug,3,0,0.014079367741942406,0.008007184602320194,880
xgboost,Prior_Arrest_Episodes_Drug,1,0,0.001640958827920258,0.0028198803775012493,1629
xgboost,Prior_Arrest_Episodes_Drug,5 or more,0,4.744722173199989e-05,0.009815775789320469,964
xgboost,_v1,5 or more,0,0.11185265332460403,0.039044223725795746,1852
xgboost,_v1,3,0,0.0674084797501564,0.027483215555548668,855
xgboost,_v1,4,0,0.07401703298091888,0.029782401397824287,685
xgboost,_v1,1,0,0.0369514599442482,0.014845983125269413,1313
xgboost,_v1,2,0,0.05632289871573448,0.024392874911427498,1121
xgboost,Prior_Arrest_Episodes_DVCharges,Yes,No,0.014942152425646782,0.008907834999263287,1283
xgboost,Prior_Arrest_Episodes_GunCharges,Yes,No,0.008118394762277603,0.007207060232758522,2118
xgboost,Prior_Conviction_Episodes_Felony,1,0,0.002974187023937702,0.0022917352616786957,2130
xgboost,Prior_Conviction_Episodes_Felony,3 or more,0,0.00785169005393982,0.0046058883890509605,2072
xgboost,Prior_Conviction_Episodes_Felony,2,0,0.007791731972247362,0.004164471756666899,1321
xgboost,Prior_Conviction_Episodes_Misd,4 or more,0,0.05969798192381859,0.016227049753069878,1763
xgboost,Prior_Conviction_Episodes_Misd,1,0,0.02913336455821991,0.00844586081802845,1658
xgboost,Prior_Conviction_Episodes_Misd,2,0,0.03610914945602417,0.01025850884616375,1210
xgboost,Prior_Conviction_Episodes_Misd,3,0,0.04315318539738655,0.012080424465239048,864
xgboost,Prior_Conviction_Episodes_Viol,Yes,No,0.010145704261958599,0.005014678463339806,2536
xgboost,Prior_Conviction_Episodes_Prop,2,0,-0.0004304521717131138,0.005219064652919769,984
xgboost,Prior_Conviction_Episodes_Prop,1,0,-0.0024141352623701096,0.0022577440831810236,1773
xgboost,Prior_Conviction_Episodes_Prop,3 or more,0,0.0010217082453891635,0.005547011736780405,1636
xgboost,Prior_Conviction_Episodes_Drug,2 or more,0,-0.002037020865827799,0.0015740108210593462,2072
xgboost,Prior_Conviction_Episodes_Drug,1,0,-0.0004448629333637655,0.0007325983606278896,1997
xgboost,_v2,Yes,No,-0.02286570332944393,0.008002028800547123,2541
xgboost,_v3,Yes,No,0.0026151833590120077,0.01246776431798935,659
xgboost,_v4,Yes,No,-0.009364905767142773,0.005176715552806854,1061
xgboost,Prior_Revocations_Parole,Yes,No,0.061114925891160965,0.024696309119462967,769
xgboost,Prior_Revocations_Probation,Yes,No,-0.028113190084695816,0.013425898738205433,1117
xgboost,Condition_MH_SA,No,Yes,-0.05085295811295509,0.01847042702138424,2640
xgboost,Condition_Cog_Ed,Yes,No,-0.0014915642095729709,0.004178470000624657,3421
xgboost,Condition_Other,Yes,No,0.016172783449292183,0.00951157696545124,2556
