model,feature,mean_abs_shap,n_people
logistic,Age_at_Release,0.43621484760143814,7807
logistic,Gang_Affiliated,0.24118729728663466,7807
logistic,Supervision_Risk_Score_First,0.07373496227617814,7807
logistic,Supervision_Level_First,0.03666084164346984,7807
logistic,Education_Level,0.07746237575807718,7807
logistic,Dependents,0.02114700333583816,7807
logistic,Prison_Offense,0.0595490535293613,7807
logistic,Prison_Years,0.14896711430402906,7807
logistic,Prior_Arrest_Episodes_Felony,0.21288164016681582,7807
logistic,Prior_Arrest_Episodes_Misd,0.11633395094178971,7807
logistic,Prior_Arrest_Episodes_Violent,0.04160293719641724,7807
logistic,Prior_Arrest_Episodes_Property,0.12461269043727213,7807
logistic,Prior_Arrest_Episodes_Drug,0.03502707615256705,7807
logistic,_v1,0.14283648809629815,7807
logistic,Prior_Arrest_Episodes_DVCharges,0.01426060257851127,7807
logistic,Prior_Arrest_Episodes_GunCharges,0.01704747111263267,7807
logistic,Prior_Conviction_Episodes_Felony,0.02329292557814296,7807
logistic,Prior_Conviction_Episodes_Misd,0.10144089862714502,7807
logistic,Prior_Conviction_Episodes_Viol,0.023104858446803943,7807
logistic,Prior_Conviction_Episodes_Prop,0.01083206335357249,7807
logistic,Prior_Conviction_Episodes_Drug,0.004569617720232683,7807
logistic,_v2,0.05105153162047007,7807
logistic,_v3,0.0006998156573600512,7807
logistic,_v4,0.01272455931789643,7807
logistic,Prior_Revocations_Parole,0.05586937787903682,7807
logistic,Prior_Revocations_Probation,0.042604065197057894,7807
logistic,Condition_MH_SA,0.11785991558931326,7807
logistic,Condition_Cog_Ed,0.0064103715960908735,7807
logistic,Condition_Other,0.031262229818800925,7807
xgboost,Age_at_Release,0.39040252566337585,7807
xgboost,Gang_Affiliated,0.1973770558834076,7807
xgboost,Supervision_Risk_Score_First,0.09698506444692612,7807
xgboost,Supervision_Level_First,0.022373385727405548,7807
xgboost,Education_Level,0.07377320528030396,7807
xgboost,Dependents,0.020604686811566353,7807
xgboost,Prison_Offense,0.049638763070106506,7807
xgboost,Prison_Years,0.14834624528884888,7807
xgboost,Prior_Arrest_Episodes_Felony,0.16580066084861755,7807
xgboost,Prior_Arrest_Episodes_Misd,0.11778344213962555,7807
xgboost,Prior_Arrest_Episodes_Violent,0.04244360700249672,7807
xgboost,Prior_Arrest_Episodes_Property,0.13273455202579498,7807
xgboost,Prior_Arrest_Episodes_Drug,0.027618272230029106,7807
xgboost,_v1,0.15488870441913605,7807
xgboost,Prior_Arrest_Episodes_DVCharges,0.015602813102304935,7807
xgboost,Prior_Arrest_Episodes_GunCharges,0.015280790627002716,7807
xgboost,Prior_Conviction_Episodes_Felony,0.01449261698871851,7807
xgboost,Prior_Conviction_Episodes_Misd,0.08491460978984833,7807
xgboost,Prior_Conviction_Episodes_Viol,0.02181072160601616,7807
xgboost,Prior_Conviction_Episodes_Prop,0.006817913148552179,7807
xgboost,Prior_Conviction_Episodes_Drug,0.0035646480973809958,7807
xgboost,_v2,0.044168680906295776,7807
xgboost,_v3,0.0034633127506822348,7807
xgboost,_v4,0.010412807576358318,7807
xgboost,Prior_Revocations_Parole,0.05552488937973976,7807
xgboost,Prior_Revocations_Probation,0.03549846634268761,7807
xgboost,Condition_MH_SA,0.10938961803913116,7807
xgboost,Condition_Cog_Ed,0.005805210210382938,7807
xgboost,Condition_Other,0.0317096970975399,7807
