model,mean_abs_prob_diff,p95_abs_prob_diff,rank_correlation,top20_jaccard
logistic,0.02785428224688258,0.07187190689070277,0.9812734406092005,0.7901376146788991
logistic,0.029409718809623706,0.07638659745433897,0.9807032340905361,0.7963176064441887
logistic,0.029019893932669242,0.07467838120833785,0.9808092165158425,0.8004613610149942
logistic,0.028471956338430315,0.07350895573900236,0.9804464636389861,0.7891117478510029
logistic,0.03092885061618737,0.08033609442757089,0.9770543817575437,0.7668364459535937
logistic,0.028946063552041268,0.07617589610004974,0.9785164429226246,0.7952846463484762
logistic,0.029865408719995806,0.07919246648766595,0.9790601779877185,0.7880870561282932
logistic,0.03453462674959967,0.08804775365836723,0.9720271462591165,0.7618510158013544
logistic,0.03404280431623695,0.08903056490501313,0.9737563617874372,0.7809469480889903
logistic,0.03290212069018251,0.08523308749640146,0.9745280588532025,0.7648388920293951
logistic,0.032384891471310545,0.08477171219107738,0.97480335084242,0.75
logistic,0.029040826342560944,0.07538599209941883,0.9787926846114473,0.7963176064441887
logistic,0.032243044787086506,0.08587598639689012,0.9761496522440858,0.7779043280182233
logistic,0.03574949161183013,0.09305866398586304,0.9730902261906026,0.7738636363636363
logistic,0.035394319777598666,0.09004099964878817,0.9696109428637075,0.748040313549832
logistic,0.02983667965410635,0.07616470766465393,0.9785172814745307,0.7728563316297559
logistic,0.03675169297592863,0.09647212182413518,0.9679723313290785,0.7568936409679234
logistic,0.03364830166356879,0.08963459564155403,0.976148623079892,0.7688385269121814
logistic,0.03388414356147566,0.08672856670964942,0.972765942023224,0.7559055118110236
logistic,0.03274818934832481,0.0861266158351564,0.9753300093458956,0.7799315849486887
logistic,0.030326727460493207,0.07965868594583407,0.9775140439459397,0.7952846463484762
logistic,0.032118610454078454,0.08249324755791897,0.976177454380019,0.7748720864127345
logistic,0.03611233150640804,0.0914797407121324,0.9680753710752883,0.732519422863485
logistic,0.030502416523321432,0.07992593137364117,0.9765527781343659,0.7789173789173789
logistic,0.03099505333181272,0.08025373910467044,0.977498888431159,0.7758816837315131
logistic,0.035417216955630146,0.09186640903920641,0.9686822421387469,0.7509814918676389
logistic,0.033144200075196875,0.08603736237511313,0.9752235818600112,0.7490196078431373
logistic,0.034701737663720506,0.09152684694743313,0.9706415406704871,0.7578828828828829
xgboost,0.03550121560692787,0.09503613412380219,0.9691679003241787,0.7519640852974186
xgboost,0.0323270745575428,0.08471439778804779,0.9752900224050328,0.7728563316297559
xgboost,0.033525798469781876,0.08448109030723572,0.9729070015090302,0.7402452619843924
xgboost,0.036735549569129944,0.0959724560379982,0.9699002549160936,0.7549184935356942
xgboost,0.03383776918053627,0.08997291326522827,0.9728537790506404,0.7748720864127345
xgboost,0.03491594269871712,0.09025245904922485,0.9721176870589702,0.7668364459535937
xgboost,0.03523906320333481,0.09268520772457123,0.9703629630423413,0.7549184935356942
xgboost,0.03406909480690956,0.09206757694482803,0.9711569245886053,0.7618510158013544
xgboost,0.03435951843857765,0.09028477966785431,0.9701699121502924,0.7383073496659243
xgboost,0.035916440188884735,0.09547832608222961,0.9674181758958962,0.7519640852974186
xgboost,0.03407026454806328,0.0905468687415123,0.971678367470556,0.7578828828828829
xgboost,0.035035423934459686,0.09316793084144592,0.9697198694353717,0.7451089994410285
xgboost,0.03734150156378746,0.09264158457517624,0.9680506392073256,0.7277255118981738
xgboost,0.03410639986395836,0.08730588108301163,0.9721432336975063,0.7451089994410285
xgboost,0.03535353019833565,0.09042757004499435,0.9714727416618557,0.7568936409679234
xgboost,0.034229278564453125,0.0894160121679306,0.9718590938818635,0.7559055118110236
xgboost,0.03429318964481354,0.08939205855131149,0.9722991787048545,0.7628458498023716
xgboost,0.03368677198886871,0.08741963654756546,0.9740382947910817,0.7658371040723982
xgboost,0.033844687044620514,0.08660150319337845,0.970313456168482,0.7373400111296605
xgboost,0.03558584675192833,0.09423206746578217,0.9695279203758074,0.7460850111856824
xgboost,0.03363637253642082,0.0866103544831276,0.9705010435922765,0.7490196078431373
xgboost,0.03590621426701546,0.09039895981550217,0.9679207363235548,0.7135016465422612
xgboost,0.03448926657438278,0.09147580713033676,0.9734128893770109,0.7880870561282932
xgboost,0.03455430641770363,0.0898001417517662,0.9702046442548262,0.7638418079096045
xgboost,0.03532596305012703,0.0901499018073082,0.9717948792911049,0.7519640852974186
xgboost,0.03180880472064018,0.08351628482341766,0.9756213086855168,0.7799315849486887
xgboost,0.036671292036771774,0.09677006304264069,0.9690031631502339,0.7490196078431373
xgboost,0.0315365269780159,0.08034475892782211,0.9759207686207866,0.7688385269121814
tabicl,0.049659363925457,0.12718597054481506,0.9586375780076963,0.7248618784530386
tabicl,0.0472412109375,0.12049855291843414,0.9551698102306269,0.721058434399118
tabicl,0.042776402086019516,0.1072002425789833,0.96435249776504,0.7421875
tabicl,0.051548343151807785,0.12725843489170074,0.954851690018972,0.7201101928374656
tabicl,0.04684776812791824,0.12049032002687454,0.957689003862422,0.7277255118981738
tabicl,0.04313262924551964,0.10873929411172867,0.961349428308495,0.71444261394838
