feature,normalized_total_gain
Age_at_Release,0.22403429909430012
_v1,0.16089579466974807
Gang_Affiliated,0.1371417810723448
Prior_Arrest_Episodes_Felony,0.11364735032936195
Supervision_Risk_Score_First,0.06462521629166601
Prior_Arrest_Episodes_Property,0.06322792409333974
Prior_Arrest_Episodes_Misd,0.051443105125680275
Prison_Years,0.04125980628168624
Prior_Conviction_Episodes_Misd,0.035150944944148776
Condition_MH_SA,0.020421366268791066
Prior_Revocations_Parole,0.013374814683281682
Prison_Offense,0.013057206229947771
Education_Level,0.010944391871042078
Prior_Arrest_Episodes_Violent,0.0070711180963549764
Prior_Arrest_Episodes_Drug,0.004591327509405389
Prior_Revocations_Probation,0.0044003042439263425
Condition_Other,0.00417499412233819
_v2,0.004067199884589934
Dependents,0.003980997907090936
Prior_Conviction_Episodes_Prop,0.003805715405280243
Supervision_Level_First,0.0032344287654564844
Prior_Arrest_Episodes_DVCharges,0.0030379948912153264
_v3,0.002516077094638942
Prior_Arrest_Episodes_GunCharges,0.002503496646447248
Prior_Conviction_Episodes_Viol,0.002345499130666226
Prior_Conviction_Episodes_Felony,0.001735172408756912
Condition_Cog_Ed,0.0015594036992046389
_v4,0.0009903815920885102
Prior_Conviction_Episodes_Drug,0.0007618876472011162
